LONGITUDE,OWNER,YEAR,LATITUDE,TREATPLANT,TPSHORT,CLASS,TOTAL_PROD,RW_REUSED,CONTACT,RW_UNUSED,PERCNT_USE,OWNER_URL,RW_UNUSED_
144.1165233,Barwon Water,2023-24,-38.42642582,Aireys Inlet treatment plant,Aireys Inlet WRP,C,0,0,info@barwonwater.vic.gov.au,0,0,https://www.barwonwater.vic.gov.au/,0
144.1995962,Barwon Water,2023-24,-38.4047283,Anglesea treatment plant,Anglesea WRP,B,359.9,62.6,info@barwonwater.vic.gov.au,297.2,17.40161068901697,https://www.barwonwater.vic.gov.au/,392.93
143.6501263,Barwon Water,2023-24,-38.75926297,Apollo Bay treatment plant,Apollo Bay WRP,C,401.5,14.5,info@barwonwater.vic.gov.au,387,3.602854189756298,https://www.barwonwater.vic.gov.au/,453.41
144.14584,Barwon Water,2023-24,-38.02701,Bannockburn treatment plant,Bannockburn WRP,C,201.3,111.6,info@barwonwater.vic.gov.au,89.8,55.403479323205595,https://www.barwonwater.vic.gov.au/,75.54
143.7905472,Barwon Water,2023-24,-38.31343352,Birregurra treatment plant,Birregurra WRP,C,26.7,5.8,info@barwonwater.vic.gov.au,20.9,21.765058885304928,https://www.barwonwater.vic.gov.au/,12.74
144.4140047,Barwon Water,2023-24,-38.28354505,Black Rock treatment plant,Black Rock WRP,C,26731.6,2399.1,info@barwonwater.vic.gov.au,24332.5,8.974607695980676,https://www.barwonwater.vic.gov.au/,24541.8
143.6110464,Barwon Water,2023-24,-38.32617154,Colac treatment plant,Colac WRP,C,2174,58.3,info@barwonwater.vic.gov.au,2115.7,2.680266789328427,https://www.barwonwater.vic.gov.au/,2078.67
143.9776383,Barwon Water,2023-24,-38.51820788,Lorne treatment plant,Lorne WRP,C,301.4,15,info@barwonwater.vic.gov.au,286.4,4.976395298301722,https://www.barwonwater.vic.gov.au/,290.54
144.3693365,Barwon Water,2023-24,-38.0813242,Northern WRP,Northern WRP,A,1319.3,1319.3,info@barwonwater.vic.gov.au,0,100,https://www.barwonwater.vic.gov.au/,0
144.7144836,Barwon Water,2023-24,-38.14891066,Portarlington treatment plant,Portarlington WRP,C,223.4,203.4,info@barwonwater.vic.gov.au,20.1,91.01715472370287,https://www.barwonwater.vic.gov.au/,56.81
143.9872106,Barwon Water,2023-24,-38.23238368,Winchelsea treatment plant,Winchelsea WRP,C,75.2,10.9,info@barwonwater.vic.gov.au,64.2,14.574241617881853,https://www.barwonwater.vic.gov.au/,44.11
143.44366,Central Highlands Water,2023-24,-37.06696,Avoca treatment plant,Avoca,C,43.4,43.4,customer.enquiries@chw.net.au,0,100,https://www.chw.net.au/,4.76
144.259785,Central Highlands Water,2023-24,-37.61912911,Ballan treatment plant,Ballan,C,102.1,102.1,customer.enquiries@chw.net.au,0,100,https://www.chw.net.au/,117.41
143.41574,Central Highlands Water,2023-24,-37.41387,Beaufort treatment plant,Beaufort,C,100.3,100.3,customer.enquiries@chw.net.au,0,100,https://www.chw.net.au/,24.98
143.8239532,Central Highlands Water,2023-24,-37.51431432,Ballarat North treatment plant,BNTP,"A,B",2958.9,623.4,customer.enquiries@chw.net.au,2335.5,21.068444816957765,https://www.chw.net.au/,2734.79
143.8512798,Central Highlands Water,2023-24,-37.59615634,Ballarat South treatment plant,BSTP,B,7028.7,109.6,customer.enquiries@chw.net.au,6919.1,1.559032085500631,https://www.chw.net.au/,7869.08
143.68225,Central Highlands Water,2023-24,-37.51991,Cardigan Village treatment plant,Cardigan Village,C,40.9,40.9,customer.enquiries@chw.net.au,0,100,https://www.chw.net.au/,14.69
143.80645,Central Highlands Water,2023-24,-37.27525,Clunes treatment plant,Clunes,C,64.5,29.6,customer.enquiries@chw.net.au,34.9,45.8462492250465,https://www.chw.net.au/,22.66
144.12038,Central Highlands Water,2023-24,-37.27932,Daylesford treatment plant,Daylesford,C,458.5,458.5,customer.enquiries@chw.net.au,0,100,https://www.chw.net.au/,115.6
144.14574,Central Highlands Water,2023-24,-37.53851,Gordon treatment plant,Gordon,C,25.5,25.5,customer.enquiries@chw.net.au,0,100,https://www.chw.net.au/,4.79
143.77381,Central Highlands Water,2023-24,-37.0046,Maryborough treatment plant,Maryborough,C,531,453,customer.enquiries@chw.net.au,78,85.31128771044405,https://www.chw.net.au/,122.23
143.33773,Central Highlands Water,2023-24,-37.63034,Skipton treatment plant,Skipton,C,0,0,customer.enquiries@chw.net.au,0,0,https://www.chw.net.au/,0
143.554318,Central Highlands Water,2023-24,-37.60199023,Snake Valley treatment plant,Snake Valley,C,17.2,17.2,customer.enquiries@chw.net.au,0,100,https://www.chw.net.au/,0
143.6263335,Central Highlands Water,2023-24,-37.33518451,Waubra treatment plant,Waubra,C,6.8,6.8,customer.enquiries@chw.net.au,0,100,https://www.chw.net.au/,0
144.4969894,Coliban Water,2023-24,-36.79837507,Axedale treatment plant,Axedale,B,15,15,wtro@coliban.com.au,0,100,https://coliban.com.au,0
144.299539,Coliban Water,2023-24,-36.69290885,Bendigo treatment plant,Bendigo,"A,B,C",7154.6,1609.5,wtro@coliban.com.au,5545.1,22.49590822115593,https://coliban.com.au,5824.42
143.74611,Coliban Water,2023-24,-36.10167,Boort treatment plant,Boort,C,47.1,47.1,wtro@coliban.com.au,0,100,https://coliban.com.au,7.24
143.93425,Coliban Water,2023-24,-36.60734,Bridgewater / Inglewood treatment plant,Bridgewater,C,0,0,wtro@coliban.com.au,0,0,https://coliban.com.au,0
144.1975517,Coliban Water,2023-24,-37.07442942,Castlemaine treatment plant,Castlemaine,C,1389.2,50.2,wtro@coliban.com.au,1339,3.61359055571552,https://coliban.com.au,1348.92
144.205,Coliban Water,2023-24,-35.8192,Cohuna treatment plant,Cohuna,no reuse,0,0,wtro@coliban.com.au,0,0,https://coliban.com.au,0
143.724,Coliban Water,2023-24,-36.86947,Dunolly treatment plant,Dunolly,C,25.8,0,wtro@coliban.com.au,25.8,0,https://coliban.com.au,17.3
144.6597761,Coliban Water,2023-24,-36.13853371,Echuca treatment plant,Echuca,B,1159.6,1159.6,wtro@coliban.com.au,0,100,https://coliban.com.au,0
144.6515158,Coliban Water,2023-24,-36.50623103,Elmore treatment plant,Elmore,C,0,0,wtro@coliban.com.au,0,0,https://coliban.com.au,0
144.3740525,Coliban Water,2023-24,-36.00070136,Gunbower / Leitchville treatment plant,Gunbower,C,33.9,33.9,wtro@coliban.com.au,0,100,https://coliban.com.au,0
144.68935,Coliban Water,2023-24,-36.90052,Heathcote treatment plant,Heathcote,C,85.7,85.7,wtro@coliban.com.au,0,100,https://coliban.com.au,0
144.4509414,Coliban Water,2023-24,-37.23072578,Kyneton treatment plant,Kyneton,"B,C",1052.2,668.9,wtro@coliban.com.au,383.3,63.571218126003856,https://coliban.com.au,583.72
144.54171,Coliban Water,2023-24,-36.29922,Lockington treatment plant,Lockington,C,0,0,wtro@coliban.com.au,0,0,https://coliban.com.au,0
144.13009,Coliban Water,2023-24,-36.05594,Pyramid Hill treatment plant,Pyramid Hill,C,5,0,wtro@coliban.com.au,5,0,https://coliban.com.au,7.44
144.6768351,Coliban Water,2023-24,-36.35820283,Rochester treatment plant,Rochester,B,0,0,wtro@coliban.com.au,0,0,https://coliban.com.au,0
143.6414213,Coliban Water,2023-24,-36.41954037,Wedderburn treatment plant,Wedderburn,C,27.7,27.7,wtro@coliban.com.au,0,100,https://coliban.com.au,4.4
147.6150918,East Gippsland Water,2023-24,-37.84788747,Bairnsdale treatment plant,Bairnsdale WWTP,C,1370.1,1341.3,egw@egwater.vic.gov.au,28.8,97.89796365228815,https://www.egwater.vic.gov.au/,20.56
148.9567585,East Gippsland Water,2023-24,-37.73731831,Bemm River treatment plant,Bemm River WWTP,C,8.5,0,egw@egwater.vic.gov.au,8.5,0,https://www.egwater.vic.gov.au/,5.32
149.1297903,East Gippsland Water,2023-24,-37.5762544,Cann River treatment plant,Cann River WWTP,C,16.9,16.9,egw@egwater.vic.gov.au,0,100,https://www.egwater.vic.gov.au/,10.7
147.25558,East Gippsland Water,2023-24,-37.03158,Dinner Plain treatment plant,Dinner Plain WWTP,C,93.5,93.5,egw@egwater.vic.gov.au,0,100,https://www.egwater.vic.gov.au/,0
148.02423,East Gippsland Water,2023-24,-37.86607,Lakes Entrance treatment plant,Lakes Entrance WWTP,C,773.8,647,egw@egwater.vic.gov.au,126.8,83.6133367795296,https://www.egwater.vic.gov.au/,217.48
147.4552118,East Gippsland Water,2023-24,-37.8094376,Lindenow treatment plant,Lindenow WWTP,B,18.9,11.9,egw@egwater.vic.gov.au,6.9,62.96296296296296,https://www.egwater.vic.gov.au/,5.22
149.74146,East Gippsland Water,2023-24,-37.57631,Mallacoota treatment plant,Mallacoota WWTP,C,150,128.9,egw@egwater.vic.gov.au,21.1,85.93333333333334,https://www.egwater.vic.gov.au/,17.76
147.81966,East Gippsland Water,2023-24,-37.86221,Metung treatment plant,Metung WWTP,C,180.9,186.8,egw@egwater.vic.gov.au,5.9,103.26147042564952,https://www.egwater.vic.gov.au/,38.2
147.60169,East Gippsland Water,2023-24,-37.08901,Omeo treatment plant,Omeo WWTP,C,38.5,42.3,egw@egwater.vic.gov.au,3.8,109.87012987012987,https://www.egwater.vic.gov.au/,7.41
148.46778,East Gippsland Water,2023-24,-37.6907,Orbost treatment plant,Orbost WWTP,C,262,225,egw@egwater.vic.gov.au,37,85.87786259541986,https://www.egwater.vic.gov.au/,35.8
147.64953,East Gippsland Water,2023-24,-37.9068,Paynesville treatment plant,Paynesville WWTP,C,514.9,376.8,egw@egwater.vic.gov.au,138.1,73.17925810837056,https://www.egwater.vic.gov.au/,190.2
145.8334444,Gippsland Water,2023-24,-38.13783207,Drouin treatment plant,Drouin WWTP,C,1181.5,168.9,ecodev@gippswater.com.au,1012.6,14.295544280013372,https://www.gippswater.com.au/,1006.16
146.8142344,Gippsland Water,2023-24,-37.96844662,Heyfield treatment plant,Heyfield WWTP,C,107.4,107.4,ecodev@gippswater.com.au,0,100,https://www.gippswater.com.au/,25.16
147.02119,Gippsland Water,2023-24,-37.96079,Maffra treatment plant,Maffra WWTP,C,239.9,158.8,ecodev@gippswater.com.au,81.2,66.17245057839118,https://www.gippswater.com.au/,40.87
146.1698756,Gippsland Water,2023-24,-38.4192723,Mirboo North treatment plant,Mirboo Nth WWTP,C,75,75,ecodev@gippswater.com.au,0,100,https://www.gippswater.com.au/,0
146.2672766,Gippsland Water,2023-24,-38.15910096,Moe treatment plant,Moe WWTP,C,2468.7,0,ecodev@gippswater.com.au,2468.7,0,https://www.gippswater.com.au/,0
146.3740636,Gippsland Water,2023-24,-38.23130303,Morwell treatment plant,Morwell WWTP,C,701,701,ecodev@gippswater.com.au,0,100,https://www.gippswater.com.au/,0
145.9563612,Gippsland Water,2023-24,-38.03963852,Neerim South treatment plant,Neerim South WWTP,C,61.9,0,ecodev@gippswater.com.au,61.9,0,https://www.gippswater.com.au/,0
146.4020997,Gippsland Water,2023-24,-37.96278773,Rawson treatment plant,Rawson WWTP,C,29.2,0,ecodev@gippswater.com.au,29.1,0,https://www.gippswater.com.au/,0
147.3098214,Gippsland Water,2023-24,-38.21874494,ROS/Dutson Downs treatment plant (1 of 2),ROS (Secondary),C,7944.9,0,ecodev@gippswater.com.au,7944.9,0,https://www.gippswater.com.au/,0
147.17986,Gippsland Water,2023-24,-38.15846,Sale treatment plant,Sale WWTP,C,1017.2,1017.2,ecodev@gippswater.com.au,0,100,https://www.gippswater.com.au/,0
147.15628,Gippsland Water,2023-24,-38.34546,Seaspray treatment plant,Seaspray WWTP,C,12.9,12.9,ecodev@gippswater.com.au,0,100,https://www.gippswater.com.au/,0
147.08713,Gippsland Water,2023-24,-37.9432,Stratford treatment plant,Stratford WWTP,C,56.5,56.5,ecodev@gippswater.com.au,0,100,https://www.gippswater.com.au/,34.13
147.1016816,Gippsland Water,2023-24,-38.44713123,SWOP treatment plant,SWOP,n/a,8249.2,0,ecodev@gippswater.com.au,8249.2,0,https://www.gippswater.com.au/,0
145.9547733,Gippsland Water,2023-24,-38.16353243,Warragul treatment plant,Warragul WWTP,C,2012.9,0,ecodev@gippswater.com.au,2012.9,0,https://www.gippswater.com.au/,0
146.17059,Gippsland Water,2023-24,-38.09386,Willow Grove treatment plant,Willow Grove WWTP,C,18.3,18.3,ecodev@gippswater.com.au,0,100,https://www.gippswater.com.au/,0
145.6886888,Goulburn Valley Water,2023-24,-37.19433592,Alexandra treatment plant,Alexandra,"B,C",252.1,37.8,mail@gvwater.vic.gov.au,214.3,14.994644769725095,https://www.gvwater.vic.gov.au/,115.85
145.22908,Goulburn Valley Water,2023-24,-36.8626,Avenel treatment plant,Avenel,C,38.6,12.6,mail@gvwater.vic.gov.au,26,32.64248704663213,https://www.gvwater.vic.gov.au/,11
145.83371297197615,Goulburn Valley Water,2023-24,-37.02425108292107,Bonnie Doon treatment plant,Bonnie Doon,C,33.9,33.9,mail@gvwater.vic.gov.au,0,100,https://www.gvwater.vic.gov.au/,6
145.0613,Goulburn Valley Water,2023-24,-37.16751,Broadford treatment plant,Broadford,C,349.8,46.8,mail@gvwater.vic.gov.au,303,13.379073756432247,https://www.gvwater.vic.gov.au/,192.4
145.63305,Goulburn Valley Water,2023-24,-35.88907,Cobram treatment plant,Cobram,C,350,350,mail@gvwater.vic.gov.au,0,100,https://www.gvwater.vic.gov.au/,0
145.8941015,Goulburn Valley Water,2023-24,-37.24190368,Eildon treatment plant,Eildon,B,163.9,62.2,mail@gvwater.vic.gov.au,101.8,37.91168577701878,https://www.gvwater.vic.gov.au/,69.01
145.54936,Goulburn Valley Water,2023-24,-36.7574,Euroa treatment plant,Euroa,"B,C",340.7,199.7,mail@gvwater.vic.gov.au,141,58.61461696507191,https://www.gvwater.vic.gov.au/,72.6
145.01153,Goulburn Valley Water,2023-24,-36.40548,Girgarre treatment plant,Girgarre,C,0,0,mail@gvwater.vic.gov.au,0,0,https://www.gvwater.vic.gov.au/,0
144.98183,Goulburn Valley Water,2023-24,-37.28009,Kilmore treatment plant,Kilmore,"B,C",650.9,447.7,mail@gvwater.vic.gov.au,203.2,68.77928862257048,https://www.gvwater.vic.gov.au/,208.69
145.0276,Goulburn Valley Water,2023-24,-36.30498,Kyabram/Merrigum treatment plant,Kyabram/Merrigum,C,630,360,mail@gvwater.vic.gov.au,270,57.14285714285714,https://www.gvwater.vic.gov.au/,78
146.07267,Goulburn Valley Water,2023-24,-37.03692,Mansfield treatment plant,Mansfield,"B,C",471.1,201.2,mail@gvwater.vic.gov.au,269.9,42.70855444703884,https://www.gvwater.vic.gov.au/,187.48
145.76003,Goulburn Valley Water,2023-24,-37.49455,Marysville treatment plant,Marysville,"B,C",95.3,95.3,mail@gvwater.vic.gov.au,0,100,https://www.gvwater.vic.gov.au/,0
145.35393,Goulburn Valley Water,2023-24,-36.34503,Mooroopna treatment plant,Mooroopna,C,24,24,mail@gvwater.vic.gov.au,0,100,https://www.gvwater.vic.gov.au/,98.8
145.18808,Goulburn Valley Water,2023-24,-36.62161,Murchison treatment plant,Murchison,C,0,0,mail@gvwater.vic.gov.au,0,0,https://www.gvwater.vic.gov.au/,0
145.20834,Goulburn Valley Water,2023-24,-36.79191,Nagambie treatment plant,Nagambie,C,85.9,18.5,mail@gvwater.vic.gov.au,67.4,21.54419471293816,https://www.gvwater.vic.gov.au/,40.07
145.1976413,Goulburn Valley Water,2023-24,-36.04444255,Nathalia treatment plant,Nathalia,C,97.6,97.6,mail@gvwater.vic.gov.au,0,100,https://www.gvwater.vic.gov.au/,4.6
145.46266,Goulburn Valley Water,2023-24,-36.09096,Numurkah treatment plant,Numurkah,C,227,189,mail@gvwater.vic.gov.au,38,83.25991189427313,https://www.gvwater.vic.gov.au/,16.6
145.1716798,Goulburn Valley Water,2023-24,-37.00982911,Seymour treatment plant,Seymour,C,611.7,362.7,mail@gvwater.vic.gov.au,249,59.29377145659637,https://www.gvwater.vic.gov.au/,198.2
145.3826727,Goulburn Valley Water,2023-24,-36.31854069,Shepparton treatment plant,Shepparton,"B,C",4919.6,2534.6,mail@gvwater.vic.gov.au,2385,51.52044881697698,https://www.gvwater.vic.gov.au/,2506.36
144.97901,Goulburn Valley Water,2023-24,-36.52985,Stanhope / Rushworth treatment plant,Stanhope/Rushworth,C,56,56,mail@gvwater.vic.gov.au,0,100,https://www.gvwater.vic.gov.au/,0
145.45864,Goulburn Valley Water,2023-24,-35.9179,Strathmerton treatment plant,Strathmerton,C,0,0,mail@gvwater.vic.gov.au,0,0,https://www.gvwater.vic.gov.au/,0
145.25042,Goulburn Valley Water,2023-24,-36.47677,Tatura treatment plant,Tatura,C,810,810,mail@gvwater.vic.gov.au,0,100,https://www.gvwater.vic.gov.au/,12.6
144.92428,Goulburn Valley Water,2023-24,-36.25917,Tongala treatment plant,Tongala,C,225,225,mail@gvwater.vic.gov.au,0,100,https://www.gvwater.vic.gov.au/,25.4
145.70792,Goulburn Valley Water,2023-24,-36.62561,Violet Town treatment plant,Violet Town,C,48.4,48.4,mail@gvwater.vic.gov.au,0,100,https://www.gvwater.vic.gov.au/,5
145.39576,Goulburn Valley Water,2023-24,-37.20231,Yea treatment plant,Yea,"B,C",102.8,41.8,mail@gvwater.vic.gov.au,61,40.66147859922179,https://www.gvwater.vic.gov.au/,3.72
142.95015,Grampians Wimmera Mallee Water,2023-24,-37.30487,Ararat treatment plant,Ararat,C,691.4,480.4,info@gwmwater.org.au,211,69,https://www.gvwater.vic.gov.au/,155.26
142.92987,Grampians Wimmera Mallee Water,2023-24,-35.96645,Birchip treatment plant,Birchip,C,70.6,44.7,info@gwmwater.org.au,25.9,63.31803501614822,https://www.gvwater.vic.gov.au/,0
143.33078,Grampians Wimmera Mallee Water,2023-24,-36.28009,Charlton treatment plant,Charlton,C,38.9,0,info@gwmwater.org.au,38.9,0,https://www.gvwater.vic.gov.au/,13.45
142.03892,Grampians Wimmera Mallee Water,2023-24,-36.46518,Dimboola treatment plant,Dimboola,C,84.9,40.6,info@gwmwater.org.au,44.3,47.817023331409665,https://www.gvwater.vic.gov.au/,43.98
142.98993,Grampians Wimmera Mallee Water,2023-24,-36.36423,Donald treatment plant,Donald,C,153.3,77,info@gwmwater.org.au,76.2,50.243058954030865,https://www.gvwater.vic.gov.au/,59.91
141.30986,Grampians Wimmera Mallee Water,2023-24,-37.01444,Edenhope treatment plant,Edenhope,C,58.2,1.67,info@gwmwater.org.au,56.6,2.867986742001408,https://www.gvwater.vic.gov.au/,16.01
141.4727762,Grampians Wimmera Mallee Water,2023-24,-36.71141935,Goroke treatment plant,Goroke,C,1.6,0,info@gwmwater.org.au,1.6,0,https://www.gvwater.vic.gov.au/,0.33
142.5494,Grampians Wimmera Mallee Water,2023-24,-37.10676,Halls Gap treatment plant,Halls Gap,C,185.2,84.4,info@gwmwater.org.au,100.8,45.58044608581564,https://www.gvwater.vic.gov.au/,87.59
142.3805,Grampians Wimmera Mallee Water,2023-24,-35.74785,Hopetoun treatment plant,Hopetoun,C,40.9,0,info@gwmwater.org.au,40.9,0,https://www.gvwater.vic.gov.au/,0
142.15343,Grampians Wimmera Mallee Water,2023-24,-36.74014,Horsham treatment plant,Horsham,C,1497.08,1184.1,info@gwmwater.org.au,313,79,https://www.gvwater.vic.gov.au/,284.94
141.99641,Grampians Wimmera Mallee Water,2023-24,-36.14722,Jeparit treatment plant,Jeparit,C,37.7,0,info@gwmwater.org.au,37.7,0,https://www.gvwater.vic.gov.au/,7.54
141.21327,Grampians Wimmera Mallee Water,2023-24,-36.29071,Kaniva North treatment plant,Kaniva North,C,13.9,0,info@gwmwater.org.au,13.9,0,https://www.gvwater.vic.gov.au/,0
141.16752,Grampians Wimmera Mallee Water,2023-24,-36.46023,Kaniva South treatment plant,Kaniva South,C,6.3,0,info@gwmwater.org.au,6.3,0,https://www.gvwater.vic.gov.au/,0
142.6036512,Grampians Wimmera Mallee Water,2023-24,-36.45463184,Minyip treatment plant,Minyip,C,20.9,0,info@gwmwater.org.au,20.9,0,https://www.gvwater.vic.gov.au/,0
142.46219,Grampians Wimmera Mallee Water,2023-24,-36.61926,Murtoa treatment plant,Murtoa,C,77.6,51.6,info@gwmwater.org.au,25.9,66.53342788988459,https://www.gvwater.vic.gov.au/,8.2
141.94994,Grampians Wimmera Mallee Water,2023-24,-36.72409,Natimuk treatment plant,Natimuk,C,21.7,0,info@gwmwater.org.au,21.7,0,https://www.gvwater.vic.gov.au/,4.33
141.64575,Grampians Wimmera Mallee Water,2023-24,-36.34768,Nhill treatment plant,Nhill,C,139.7,127.6,info@gwmwater.org.au,12.1,91.3398903348652,https://www.gvwater.vic.gov.au/,20.35
142.31075,Grampians Wimmera Mallee Water,2023-24,-35.06233,Ouyen treatment plant,Ouyen,C,110.1,0,info@gwmwater.org.au,110.1,0,https://www.gvwater.vic.gov.au/,0
141.90574,Grampians Wimmera Mallee Water,2023-24,-35.88369,Rainbow treatment plant,Rainbow,C,94.4,0,info@gwmwater.org.au,94.4,0,https://www.gvwater.vic.gov.au/,18.89
142.6410443,Grampians Wimmera Mallee Water,2023-24,-36.61771208,Rupanyup treatment plant,Rupanyup,C,37.1,1.9,info@gwmwater.org.au,35.2,5.067795239507237,https://www.gvwater.vic.gov.au/,0
142.87606,Grampians Wimmera Mallee Water,2023-24,-35.49015,Sea Lake treatment plant,Sea Lake,C,43.7,10,info@gwmwater.org.au,33.7,22.90530945073068,https://www.gvwater.vic.gov.au/,6.73
141.12179,Grampians Wimmera Mallee Water,2023-24,-36.44061,Serviceton treatment plant,Serviceton,C,0.5,0,info@gwmwater.org.au,0.5,0,https://www.gvwater.vic.gov.au/,0
143.26074,Grampians Wimmera Mallee Water,2023-24,-36.61266,St Arnaud treatment plant,St Arnaud,C,159.7,127.5,info@gwmwater.org.au,32.2,79.83593211847955,https://www.gvwater.vic.gov.au/,24.45
142.77676,Grampians Wimmera Mallee Water,2023-24,-37.05884,Stawell treatment plant,Stawell,C,640.8,640.8,info@gwmwater.org.au,0,100,https://www.gvwater.vic.gov.au/,-8.64
142.39263,Grampians Wimmera Mallee Water,2023-24,-36.26859,Warracknabeal treatment plant,Warracknabeal,C,261.7,144.9,info@gwmwater.org.au,116.8,55.38232259543735,https://www.gvwater.vic.gov.au/,36.19
142.7509,Grampians Wimmera Mallee Water,2023-24,-37.55889,Willaura treatment plant,Willaura,C,43.1,30.8,info@gwmwater.org.au,12.3,71.3920758047285,https://www.gvwater.vic.gov.au/,15.52
143.20023,Grampians Wimmera Mallee Water,2023-24,-35.9883,Wycheproof treatment plant,Wycheproof,C,40.2,0,info@gwmwater.org.au,40.2,0,https://www.gvwater.vic.gov.au/,8.05
144.791628,Greater Western Water,2023-24,-37.87288236,Altona treatment plant,Altona,"A,C",5669.3,1397.5,integratedplanning@gww.com.au,4271.9,24.649427618930027,https://www.gww.com.au/,3963.63
144.4694992,Greater Western Water,2023-24,-37.7281663,Parwan (Bacchus Marsh) treatment plant,Bacchus Marsh,C,1036.61,1034.9,integratedplanning@gww.com.au,1.8,100,https://www.gww.com.au/,15.88
144.6148207,Greater Western Water,2023-24,-37.48909692,Gisborne treatment plant,Gisborne,B,750,57.6,integratedplanning@gww.com.au,692.4,7.677333333333333,https://www.gww.com.au/,784.05
144.5866271,Greater Western Water,2023-24,-37.75615388,Melton treatment plant,Melton,"A,C",6191,3918.6,integratedplanning@gww.com.au,2272.4,63.29575189791633,https://www.gww.com.au/,2808.59
144.7173379,Greater Western Water,2023-24,-37.46585997,Riddells Creek treatment plant,Riddells Creek,C,124,77.2,integratedplanning@gww.com.au,46.8,62.27419354838709,https://www.gww.com.au/,76.1
144.7695558,Greater Western Water,2023-24,-37.36107043,Romsey treatment plant,Romsey,C,488.9,318.9,integratedplanning@gww.com.au,170,65,https://www.gww.com.au/,116.12
144.7425046,Greater Western Water,2023-24,-37.58587999,Sunbury treatment plant,Sunbury,B,2649,542.7,integratedplanning@gww.com.au,2106.3,20.488486221215556,https://www.gww.com.au/,2191.56
144.51514,Greater Western Water,2023-24,-37.33472,Woodend treatment plant,Woodend,C,291.1,41.5,integratedplanning@gww.com.au,249.6,14.810714285714285,https://www.gww.com.au/,275.47
143.9429321,Lower Murray Water,2023-24,-35.73494601,Kerang treatment plant,Kerang WWTP,C,619.4,45.9,contactus@lmw.vic.gov.au,573.5,7.405553761704875,https://www.lmw.vic.gov.au/,0
144.07926,Lower Murray Water,2023-24,-35.67035,Koondrook treatment plant,Koondrook WWTP,C,65,22.5,contactus@lmw.vic.gov.au,42.5,34.58461538461538,https://www.lmw.vic.gov.au/,79.61
142.0788565,Lower Murray Water,2023-24,-34.33151843,Koorlong treatment plant,Koorlong WWTP,C,2572.9,2202.8,contactus@lmw.vic.gov.au,370.1,85.61351004702864,https://www.lmw.vic.gov.au/,322.04
143.64764,Lower Murray Water,2023-24,-35.51871,Lake Boga treatment plant,Lake Boga WWTP,C,49.1,0,contactus@lmw.vic.gov.au,49.1,0,https://www.lmw.vic.gov.au/,0
142.06688,Lower Murray Water,2023-24,-34.15302,Merbein treatment plant,Merbein WWTP,C,0,0,contactus@lmw.vic.gov.au,0,0,https://www.lmw.vic.gov.au/,88.18
142.16038,Lower Murray Water,2023-24,-34.16643,Mildura treatment plant,Mildura WWTP,C,1334.4,806.7,contactus@lmw.vic.gov.au,527.7,60.45638489208633,https://www.lmw.vic.gov.au/,743.92
143.9536415,Lower Murray Water,2023-24,-35.53605132,Murrabit treatment plant,Murrabit WWTP,C,4.8,0,contactus@lmw.vic.gov.au,4.8,0,https://www.lmw.vic.gov.au/,0
143.38236,Lower Murray Water,2023-24,-35.16191,Nyah/Nyah West treatment plant,Nyah West WWTP,C,88.9,0,contactus@lmw.vic.gov.au,88.9,0,https://www.lmw.vic.gov.au/,0
142.80815,Lower Murray Water,2023-24,-34.61881,Robinvale treatment plant,Robinvale WWTP,C,318,210,contactus@lmw.vic.gov.au,107.9,66.0503144654088,https://www.lmw.vic.gov.au/,63.99
143.50162,Lower Murray Water,2023-24,-35.30982,Swan Hill treatment plant,Swan Hill WTP,C,1252,0,contactus@lmw.vic.gov.au,1252,0,https://www.lmw.vic.gov.au/,0
145.1760707,Melbourne Water,2023-24,-38.06302546,Eastern Treatment Plant,ETP,"A,C",164927,16634,enquiry@melbournewater.com.au,148293,10.085674268009482,https://www.melbournewater.com.au/,144474.4
144.6157958,Melbourne Water,2023-24,-37.98525359,Western Treatment Plant,WTP,"A,C",199046,30641,enquiry@melbournewater.com.au,168405,15.39392904152809,https://www.melbournewater.com.au/,172306.2
146.95816,North East Water,2023-24,-36.15058,Baranduda treatment plant,Baranduda,n/a,0,0,info@newater.com.au,0,0,https://www.newater.com.au/,121.63
146.6755831,North East Water,2023-24,-36.31835098,Beechworth treatment plant,Beechworth,C,314.9,62.5,info@newater.com.au,252.4,19.850115906131908,https://www.newater.com.au/,332.25
147.05906,North East Water,2023-24,-36.10272,Bellbridge treatment plant,Bellbridge,C,31.9,31.9,info@newater.com.au,0,100,https://www.newater.com.au/,0
145.95552,North East Water,2023-24,-36.51037,Benalla treatment plant,Benalla,C,757.1,593.1,info@newater.com.au,164,78.33896872358412,https://www.newater.com.au/,134.83
146.9375148,North East Water,2023-24,-36.70621976,Bright / Porepunkah treatment plant,Bright,C,410.5,1.1,info@newater.com.au,409.3,0.277723640615864,https://www.newater.com.au/,166.6
146.17407,North East Water,2023-24,-36.04401,Bundalong treatment plant,Bundalong,C,0,0,info@newater.com.au,0,0,https://www.newater.com.au/,0
146.57627,North East Water,2023-24,-36.15463,Chiltern treatment plant,Chiltern,C,50.2,22.6,info@newater.com.au,27.6,44.96510468594217,https://www.newater.com.au/,27.14
147.89688,North East Water,2023-24,-36.16962,Corryong treatment plant,Corryong,C,158.2,80,info@newater.com.au,78.2,50.578272135498956,https://www.newater.com.au/,94.4
147.4867845,North East Water,2023-24,-36.53079333,Dartmouth treatment plant,Dartmouth,C,5.9,0,info@newater.com.au,5.9,0,https://www.newater.com.au/,0
146.24604,North East Water,2023-24,-36.47057,Glenrowan treatement plant,Glenrowan,C,30.5,30.5,info@newater.com.au,0,100,https://www.newater.com.au/,0
147.1720049,North East Water,2023-24,-36.73134446,Mount Beauty treatment plant,Mount Beauty,B,227.3,6,info@newater.com.au,221.2,2.648365668030443,https://www.newater.com.au/,245.82
146.3631356,North East Water,2023-24,-36.59082777,Moyhu treatment plant,Moyhu,C,19.6,19.6,info@newater.com.au,0,100,https://www.newater.com.au/,0.78
146.6945157,North East Water,2023-24,-36.5419612,Myrtleford treatment plant,Myrtleford,C,435.5,0,info@newater.com.au,435.5,0,https://www.newater.com.au/,0
147.1722,North East Water,2023-24,-36.21541,Tallangatta treatment plant,Tallangatta,C,126.7,126.7,info@newater.com.au,0,100,https://www.newater.com.au/,24.18
145.87976,North East Water,2023-24,-36.16866,Tungamah treatment plant,Tungamah,C,11.7,11.7,info@newater.com.au,0,100,https://www.newater.com.au/,2.89
146.39881,North East Water,2023-24,-36.00957,Rutherglen / Wahgunyah treatment plant,Wahgunyah,C,228.3,78.2,info@newater.com.au,150.2,34.22677703324136,https://www.newater.com.au/,0
147.745438,North East Water,2023-24,-35.969488,Walwa treatment plant,Walwa,C,4.4,4.400000000000001,info@newater.com.au,0,100,https://www.newater.com.au/,2.81
146.3608406,North East Water,2023-24,-36.34175427,Wangaratta treatment plant,Wangaratta,C,1920.9,852.9,info@newater.com.au,1068,44.40019366224679,https://www.newater.com.au/,1021.99
146.284729,North East Water,2023-24,-36.3684166,Wangaratta Trade waste,Wangaratta TWTP,C,0,0,info@newater.com.au,0,0,https://www.newater.com.au/,0
146.9597452,North East Water,2023-24,-36.15395245,Wodonga treatment plant,Wodonga,B,5054.6,520.2,info@newater.com.au,4534.4,10.291595197255576,https://www.newater.com.au/,4438.17
146.85609,North East Water,2023-24,-36.32518,Yackandandah treatment plant,Yackandandah,C,111.2,64.9,info@newater.com.au,46.2,58.42100530527831,https://www.newater.com.au/,24.29
145.97116,North East Water,2023-24,-36.02339,Yarrawonga treatment plant,Yarrawonga,C,727.1,462.8,info@newater.com.au,264.3,63.65161662976359,https://www.newater.com.au/,114.92
145.336246,South East Water,2023-24,-38.22321301,Blind Bight treatment plant,Blind Bight,C,182.2,182.2,iwmlargewaterusers@sew.com.au ,0,100,https://southeastwater.com.au,0
144.8804557,South East Water,2023-24,-38.40829582,Boneo treatment plant,Boneo,"A,C",4782,1032.8,iwmlargewaterusers@sew.com.au,3749.2,21.596898381855365,https://southeastwater.com.au,4016.73
145.4985244,South East Water,2023-24,-38.21024365,Kooweerup treatment plant,Koo Wee Rup,C,59.9,13.1,iwmlargewaterusers@sew.com.au,46.8,21.869782971619365,https://southeastwater.com.au,19.76
145.555017,South East Water,2023-24,-38.27168189,Lang Lang treatment plant,Lang Lang,"A,C",314.5,237,iwmlargewaterusers@sew.com.au,77.5,75.34764832677354,https://southeastwater.com.au,166.39
145.7447503,South East Water,2023-24,-38.15212366,Longwarry treatment plant,Longwarry,C,488.1,95.8,iwmlargewaterusers@sew.com.au,392.3,19.634314980793853,https://southeastwater.com.au,331.28
145.0569834,South East Water,2023-24,-38.26935863,Mt Martha treatment plant,Mt Martha,"A,C",5076.6,983,iwmlargewaterusers@sew.com.au,4093.6,19.36338958251299,https://southeastwater.com.au,5907.91
145.492158,South East Water,2023-24,-38.11176769,Pakenham treatment plant,Pakenham,"A,C",742.2,742.2,iwmlargewaterusers@sew.com.au,0,100,https://southeastwater.com.au,354.12
145.1654086,South East Water,2023-24,-38.36830762,Somers treatment plant,Somers,"A,C",1951.9,523.7,iwmlargewaterusers@sew.com.au,1428.1,26.831526274884304,https://southeastwater.com.au,1672.35
146.01077,South Gippsland Water,2023-24,-38.58631,Foster treatment plant,Foster,C,157,0,sgwater@sgwater.com.au ,157,0,https://www.sgwater.com.au/,0
145.7920695,South Gippsland Water,2023-24,-38.43210153,Korumburra treatment plant,Korumburra,B,730.5,0,sgwater@sgwater.com.au ,730.5,0,https://www.sgwater.com.au/,763.24
145.9329277,South Gippsland Water,2023-24,-38.48446712,Leongatha Domestic treatment plant,Leongatha (domestic),B,595.5,0,sgwater@sgwater.com.au ,595.5,0,https://www.sgwater.com.au/,635.48
145.931134,South Gippsland Water,2023-24,-38.48714109,Leongatha Trade Waste treatment plant,Leongatha (trade waste),n/a,769.2,0,sgwater@sgwater.com.au ,769.2,0,https://www.sgwater.com.au/,0
146.0338811,South Gippsland Water,2023-24,-38.57951886,Meeniyan treatment plant,Meeniyan,B,46.9,9.6,sgwater@sgwater.com.au ,37.3,20.45614409037621,https://www.sgwater.com.au/,40.55
146.71428,South Gippsland Water,2023-24,-38.60205,Yarram/Tarraville treatment plant,Tarraville,C,220.9,220.9,sgwater@sgwater.com.au ,0,100,https://www.sgwater.com.au/,8.24
146.3341255,South Gippsland Water,2023-24,-38.6742175,Toora treatment plant,Toora,C,59.7,2.6,sgwater@sgwater.com.au ,57.1,4.28913564119312,https://www.sgwater.com.au/,51.98
146.16458,South Gippsland Water,2023-24,-38.79883,Waratah treatment plant,Waratah Bay,C,14.6,14.6,sgwater@sgwater.com.au ,0,100,https://www.sgwater.com.au/,2.2
146.4567307,South Gippsland Water,2023-24,-38.6766037,Welshpool treatment plant,Welshpool,C,75.5,0,sgwater@sgwater.com.au ,75.5,0,https://www.sgwater.com.au/,67.7
145.5611319,South Gippsland Water,2023-24,-38.59607773,Wonthaggi / Cape Paterson / Inverloch treatment plant,Wonthaggi/Inverloch/Cape Paterson,C,1589.7,0,sgwater@sgwater.com.au ,1589.7,0,https://www.sgwater.com.au/,642.2
143.14229,Wannon Water,2023-24,-38.19907,Camperdown Municipal treatment plant,Camperdown Domestic,"B,C",498.3,468.7,info@wannonwater.com.au ,29.3,94.11767066983495,https://www.wannonwater.com.au/,69.54
143.1433197,Wannon Water,2023-24,-38.20826626,Camperdown Industrial treatment plant,Camperdown Industrial,C,28.5,28.5,info@wannonwater.com.au ,0,100,https://www.wannonwater.com.au/,0
141.3994,Wannon Water,2023-24,-37.60347,Casterton treatment plant,Casterton,C,120.3,73.9,info@wannonwater.com.au ,46.3,61.484733586110565,https://www.wannonwater.com.au/,29.37
143.11197,Wannon Water,2023-24,-38.32366,Cobden treatment plant,Cobden,C,189.9,118.1,info@wannonwater.com.au ,71.7,62.22498393874607,https://www.wannonwater.com.au/,118.8
141.67246,Wannon Water,2023-24,-37.59426,Coleraine treatment plant,Coleraine,C,50.8,50.8,info@wannonwater.com.au ,0,100,https://www.wannonwater.com.au/,9.88
142.32224,Wannon Water,2023-24,-37.64948,Dunkeld treatment plant,Dunkeld,C,45.3,30.6,info@wannonwater.com.au ,14.7,67.50496360026473,https://www.wannonwater.com.au/,8.93
142.01188,Wannon Water,2023-24,-37.74648,Hamilton treatment plant,Hamilton,"B,C",907.9,561.8,info@wannonwater.com.au ,346.2,61.86783027013691,https://www.wannonwater.com.au/,286.54
141.6493812,Wannon Water,2023-24,-38.13400321,Heywood treatment plant,Heywood,C,326.6,144.2,info@wannonwater.com.au ,182.5,44.13200014695257,https://www.wannonwater.com.au/,270.82
142.75784,Wannon Water,2023-24,-38.07947,Mortlake treatment plant,Mortlake,C,131.9,89.4,info@wannonwater.com.au ,42.5,67.7645649107373,https://www.wannonwater.com.au/,99.21
142.8576,Wannon Water,2023-24,-38.56277,Peterborough treatment plant,Peterborough,C,17.7,17.7,info@wannonwater.com.au ,0,100,https://www.wannonwater.com.au/,1.95
142.99218,Wannon Water,2023-24,-38.61816,Port Campbell treatment plant,Port Campbell,"B,C",81.5,65.8,info@wannonwater.com.au ,15.7,80.78811686717408,https://www.wannonwater.com.au/,4.29
142.218178,Wannon Water,2023-24,-38.37070421,Port Fairy Domestic treatment plant,Port Fairy Domestic,C,680,0,info@wannonwater.com.au ,680,0,https://www.wannonwater.com.au/,0
142.218178,Wannon Water,2023-24,-38.37070421,Port Fairy GSK treatment plant,Port Fairy Industrial,C,114,0,info@wannonwater.com.au ,114,0,https://www.wannonwater.com.au/,566.1
141.5995027,Wannon Water,2023-24,-38.38356802,Portland treatment plant,Portland,C,1123,0,info@wannonwater.com.au ,1123,0,https://www.wannonwater.com.au/,0
143.2181628,Wannon Water,2023-24,-38.49072884,Simpson treatment plant,Simpson,C,1.7,0,info@wannonwater.com.au ,1.7,0,https://www.wannonwater.com.au/,21.97
142.92788,Wannon Water,2023-24,-38.27356,Terang treatment plant,Terang,"B,C",311.5,164.2,info@wannonwater.com.au ,147.2,52.72984123416757,https://www.wannonwater.com.au/,86.82
142.92641,Wannon Water,2023-24,-38.48035,Timboon treatment plant,Timboon,"B,C",47.1,47.1,info@wannonwater.com.au ,0,100,https://www.wannonwater.com.au/,0
142.45944,Wannon Water,2023-24,-38.3941,Warrnambool treatment plant,Warrnambool,C,6209.9,208.9,info@wannonwater.com.au ,6001,3.363983316961626,https://www.wannonwater.com.au/,5707.34
145.2225741,Westernport Water,2023-24,-38.48757243,Cowes treatment plant,Cowes WWTP,"A,B,C",1355,93,westport@westernportwater.com.au,1262,6.863468634686347,https://www.westernportwater.com.au/,1369.02
145.4655599,Westernport Water,2023-24,-38.43841749,Coronet Bay treatment plant,King Road WWTP,C,227,227,westport@westernportwater.com.au,0,100,https://www.westernportwater.com.au/,77.59
144.9758909,Yarra Valley Water,2023-24,-37.60311859,Aurora treatment plant,Aurora STP,"A,B",0,0,businesscare@yvw.com.au,0,0,https://www.yvw.com.au/,656.86
145.3001471,Yarra Valley Water,2023-24,-37.76702856,Brushy Creek treatment plant,Brushy Creek STP,"A,B",4179,510.8,businesscare@yvw.com.au,3668.3,12.22190370128245,https://www.yvw.com.au/,3860.04
144.943958,Yarra Valley Water,2023-24,-37.59588982,Craigieburn treatment plant,Craigieburn STP,B,0,0,businesscare@yvw.com.au,0,0,https://www.yvw.com.au/,506.43
145.5032355,Yarra Valley Water,2023-24,-37.66903702,Healesville treatment plant,Healesville STP,B,443.3,96.1,businesscare@yvw.com.au,347.2,21.68508630043968,https://www.yvw.com.au/,424.53
145.355716,Yarra Valley Water,2023-24,-37.74592355,Lilydale treatment plant,Lilydale STP,B,3045.2,381.4,businesscare@yvw.com.au,2663.9,12.523561516080942,https://www.yvw.com.au/,2506.55
145.5535132,Yarra Valley Water,2023-24,-37.75770503,Upper Yarra treatment plant,Upper Yarra STP,B,1432.3,260.5,businesscare@yvw.com.au,1171.8,18.18943458666564,https://www.yvw.com.au/,1014.5
144.9989044,Yarra Valley Water,2023-24,-37.43911773,Wallan treatment plant,Wallan STP,"A,B,C",1110,506.9,businesscare@yvw.com.au,603.2,45.66481695012972,https://www.yvw.com.au/,598.74
145.1206781,Yarra Valley Water,2023-24,-37.52495898,Whittlesea treatment plant,Whittlesea STP,B,461.9,253.3,businesscare@yvw.com.au,208,54.96984365461134,https://www.yvw.com.au/,162.17