Name,SiteID,RoundDate,Streamflow,Turbidity,Temperature
CANN (WB) @ WEERAGUA,221201,07,355.07,89.5,9.6
CANN (WB) @ WEERAGUA,221201,08,131.23,2.4,9.3
CANN (WB) @ WEERAGUA,221201,09,95.08,3.2,12.7
CANN (WB) @ WEERAGUA,221201,10,71.92,3.4,13.7
CANN (WB) @ WEERAGUA,221201,11,59.67,2.9,18.5
CANN (WB) @ WEERAGUA,221201,12,49.34,2.4,20
CANN (WB) @ WEERAGUA,221201,01,42.93,1.9,22.4
CANN (WB) @ WEERAGUA,221201,02,84.45,2.9,17.8
CANN (WB) @ WEERAGUA,221201,03,73.68,2.6,18.5
CANN (WB) @ WEERAGUA,221201,04,648.46,1.6,15.3
CANN (WB) @ WEERAGUA,221201,05,256.14,2.2,10.6
CANN (WB) @ WEERAGUA,221201,06,211.95,2.8,7.7
WINGAN @WINGAN INLET,221208,07,453.19,6.4,9
WINGAN @WINGAN INLET,221208,08,176.04,4.4,13.2
WINGAN @WINGAN INLET,221208,09,147.28,7.6,11.1
WINGAN @WINGAN INLET,221208,10,86.36,4.7,15.3
WINGAN @WINGAN INLET,221208,11,43.68,3.5,19.9
WINGAN @WINGAN INLET,221208,12,52.55,3.7,23.6
WINGAN @WINGAN INLET,221208,01,30.65,3.3,23.9
WINGAN @WINGAN INLET,221208,02,129.76,8.2,20.4
WINGAN @WINGAN INLET,221208,03,40.23,4.4,19.1
WINGAN @WINGAN INLET,221208,04,384.11,4.5,16.4
WINGAN @WINGAN INLET,221208,05,208.54,5.9,10.1
WINGAN @WINGAN INLET,221208,06,368.6,6.8,8.3
GENOA @ GORGE,221210,07,681.43,5.2,9.2
GENOA @ GORGE,221210,08,172.97,3.9,11.4
GENOA @ GORGE,221210,09,122.65,2.4,15
GENOA @ GORGE,221210,10,82.46,3.3,20.5
GENOA @ GORGE,221210,11,49.45,1.6,20.4
GENOA @ GORGE,221210,12,62.99,2.7,23.4
GENOA @ GORGE,221210,01,59.93,1.7,23.5
GENOA @ GORGE,221210,02,676.58,22,17.2
GENOA @ GORGE,221210,03,152.23,2.4,21.4
GENOA @ GORGE,221210,04,2523.24,4.6,19.4
GENOA @ GORGE,221210,05,575.66,7.1,12
GENOA @ GORGE,221210,06,320.75,8.4,8.1
COMBIENBAR @ COMB.,221211,08,89.79,6.9,10.3
COMBIENBAR @ COMB.,221211,11,38.67,8.1,17.6
COMBIENBAR @ COMB.,221211,02,61.15,10.6,16.1
COMBIENBAR @ COMB.,221211,05,166.63,5.7,10.2
BEMM @ PRINCES HWY,221212,07,1700.17,6.6,8.4
BEMM @ PRINCES HWY,221212,08,553.54,8.1,10.3
BEMM @ PRINCES HWY,221212,09,456.76,20.5,9.7
BEMM @ PRINCES HWY,221212,10,349.89,4.9,14.5
BEMM @ PRINCES HWY,221212,11,269.45,5.6,17.3
BEMM @ PRINCES HWY,221212,12,218.31,3.4,22.2
BEMM @ PRINCES HWY,221212,01,207.3,4.2,19.3
BEMM @ PRINCES HWY,221212,02,387.24,18.3,15.9
BEMM @ PRINCES HWY,221212,03,283.98,5.4,17.2
BEMM @ PRINCES HWY,221212,04,1433.2,5.3,15.1
BEMM @ PRINCES HWY,221212,05,721.57,6.6,10.9
BEMM @ PRINCES HWY,221212,06,861.36,13.3,6.1
CANN RV U/S O/TAKE,221224,07,789.38,6.5,8.8
CANN RV U/S O/TAKE,221224,08,246.29,3.9,13.2
CANN RV U/S O/TAKE,221224,09,194.03,3.8,10.8
CANN RV U/S O/TAKE,221224,10,136.54,4,17.8
CANN RV U/S O/TAKE,221224,11,102.71,2.6,17.5
CANN RV U/S O/TAKE,221224,12,86.13,2,21.9
CANN RV U/S O/TAKE,221224,01,79.19,2.5,22.2
CANN RV U/S O/TAKE,221224,02,222.98,8.1,17.3
CANN RV U/S O/TAKE,221224,03,124.08,4.4,20.3
CANN RV U/S O/TAKE,221224,04,1273.86,4,14.2
CANN RV U/S O/TAKE,221224,05,429.23,3.5,12
CANN RV U/S O/TAKE,221224,06,407.9,4.9,8.7
BEMM R U/S PUMPHOUSE,221225,07,2341.28,108,10.8
BEMM R U/S PUMPHOUSE,221225,08,562.69,5.9,9.8
BEMM R U/S PUMPHOUSE,221225,09,469.33,12.4,11
BEMM R U/S PUMPHOUSE,221225,10,348.81,4.7,13.5
BEMM R U/S PUMPHOUSE,221225,11,265.54,4.6,16.7
BEMM R U/S PUMPHOUSE,221225,12,215.53,2.9,19.6
BEMM R U/S PUMPHOUSE,221225,01,201.27,3.4,19.8
BEMM R U/S PUMPHOUSE,221225,02,402.2,9.9,16.1
BEMM R U/S PUMPHOUSE,221225,03,246.68,5.1,17.3
BEMM R U/S PUMPHOUSE,221225,04,1521.04,5.9,15.5
BEMM R U/S PUMPHOUSE,221225,05,758.58,7.2,11.5
BEMM R U/S PUMPHOUSE,221225,06,947.7,6.3,7
SNOWY R @ JARRAHMOND,222200,07,4638.76,7.3,10.4
SNOWY R @ JARRAHMOND,222200,08,2828.33,4.6,12.7
SNOWY R @ JARRAHMOND,222200,09,2887.29,3.8,16.2
SNOWY R @ JARRAHMOND,222200,10,2883.23,4.4,15.6
SNOWY R @ JARRAHMOND,222200,11,1718.41,1.7,22.5
SNOWY R @ JARRAHMOND,222200,12,1497.92,2.2,24.5
SNOWY R @ JARRAHMOND,222200,01,1152.91,1.3,27.6
SNOWY R @ JARRAHMOND,222200,02,1586.92,40.3,27.1
SNOWY R @ JARRAHMOND,222200,03,814.26,2,27.5
SNOWY R @ JARRAHMOND,222200,04,2458.13,4.9,20.1
SNOWY R @ JARRAHMOND,222200,05,1914.08,6.4,15.9
SNOWY R @ JARRAHMOND,222200,06,3479.25,50,10.7
BRODRIBB @ SARDINE,222202,07,1188.99,5.6,9.2
BRODRIBB @ SARDINE,222202,08,407.28,5.7,8.1
BRODRIBB @ SARDINE,222202,09,323.38,2.8,10.5
BRODRIBB @ SARDINE,222202,10,300.08,10,10
BRODRIBB @ SARDINE,222202,11,200.72,2.2,17.9
BRODRIBB @ SARDINE,222202,12,152.32,2.2,17.5
BRODRIBB @ SARDINE,222202,01,147.63,2,21
BRODRIBB @ SARDINE,222202,02,174.44,17.4,19.3
BRODRIBB @ SARDINE,222202,03,149.25,2.3,19.7
BRODRIBB @ SARDINE,222202,04,441.63,3.6,13.5
BRODRIBB @ SARDINE,222202,05,295.33,4,10.1
BRODRIBB @ SARDINE,222202,06,643.9,83,9.8
BUCHAN @ BUCHAN,222206,07,414.18,2.6,8
BUCHAN @ BUCHAN,222206,08,341.3,4.5,7.3
BUCHAN @ BUCHAN,222206,09,303.87,4,12.4
BUCHAN @ BUCHAN,222206,10,224.38,3.2,13.6
BUCHAN @ BUCHAN,222206,11,133.59,2.7,20.6
BUCHAN @ BUCHAN,222206,12,206.8,3,20.1
BUCHAN @ BUCHAN,222206,01,93.27,3.6,23.5
BUCHAN @ BUCHAN,222206,02,112.52,62,18
BUCHAN @ BUCHAN,222206,03,114.51,2.8,22.8
BUCHAN @ BUCHAN,222206,04,302.53,4.6,17.6
BUCHAN @ BUCHAN,222206,05,200.86,2.2,10
BUCHAN @ BUCHAN,222206,06,529.88,34,8
SNOWY @ MCKILLOPS BR,222209,07,2409.55,5.6,8
SNOWY @ MCKILLOPS BR,222209,08,2047.49,5.2,10.1
SNOWY @ MCKILLOPS BR,222209,09,2041.23,3.7,13.1
SNOWY @ MCKILLOPS BR,222209,10,2166.03,8.4,17
SNOWY @ MCKILLOPS BR,222209,11,1314.12,2.3,24.9
SNOWY @ MCKILLOPS BR,222209,12,1000.53,2.9,22
SNOWY @ MCKILLOPS BR,222209,01,859.53,19,25.5
SNOWY @ MCKILLOPS BR,222209,02,745.53,2.8,24
SNOWY @ MCKILLOPS BR,222209,03,563.62,3.3,23.3
SNOWY @ MCKILLOPS BR,222209,04,1473.54,2.3,17.7
SNOWY @ MCKILLOPS BR,222209,05,1387.02,3.8,12.3
SNOWY @ MCKILLOPS BR,222209,06,1665.71,159,8.6
RODGER @ JACKSONS,222217,07,669.21,4.1,8.6
RODGER @ JACKSONS,222217,08,204.92,3.8,8.6
RODGER @ JACKSONS,222217,09,163.02,3,10.8
RODGER @ JACKSONS,222217,10,146.47,4.7,10.3
RODGER @ JACKSONS,222217,11,98.5,4.2,18.4
RODGER @ JACKSONS,222217,12,67.03,4.3,18.4
RODGER @ JACKSONS,222217,01,64.37,3.8,22
RODGER @ JACKSONS,222217,02,68.61,7.4,20.6
RODGER @ JACKSONS,222217,03,59.88,3.2,21.8
RODGER @ JACKSONS,222217,04,200.47,2.7,14.9
RODGER @ JACKSONS,222217,05,119.32,2.6,10.1
RODGER @ JACKSONS,222217,06,383.5,35,9.4
SNOWY @ BASIN CRK,222219,08,2280.96,5.3,8.6
SNOWY @ BASIN CRK,222219,11,1385.11,1.9,21.9
SNOWY @ BASIN CRK,222219,02,829.24,21.7,21.9
SNOWY @ BASIN CRK,222219,05,1520.66,3.5,11.7
TAMBO @ SWIFTS CREEK,223202,07,184.16,1.8,6.8
TAMBO @ SWIFTS CREEK,223202,08,183.85,4,5.6
TAMBO @ SWIFTS CREEK,223202,09,151.78,3.4,12.4
TAMBO @ SWIFTS CREEK,223202,10,104.83,3.1,14.3
TAMBO @ SWIFTS CREEK,223202,11,61.79,1.9,19.6
TAMBO @ SWIFTS CREEK,223202,12,60.1,4.4,19.9
TAMBO @ SWIFTS CREEK,223202,01,34.4,3.8,22.4
TAMBO @ SWIFTS CREEK,223202,02,21.73,411,20.7
TAMBO @ SWIFTS CREEK,223202,03,24.05,1.6,24.8
TAMBO @ SWIFTS CREEK,223202,04,51.72,1.9,15.1
TAMBO @ SWIFTS CREEK,223202,05,46.28,1.4,14.1
TAMBO @ SWIFTS CREEK,223202,06,139.71,122,8
NICHOLSON @ DEPTFORD,223204,07,124.02,2.4,7.3
NICHOLSON @ DEPTFORD,223204,08,55.25,3,6.5
NICHOLSON @ DEPTFORD,223204,09,44.79,3.3,12.6
NICHOLSON @ DEPTFORD,223204,10,27.79,2,15.3
NICHOLSON @ DEPTFORD,223204,11,22.11,3.2,18.6
NICHOLSON @ DEPTFORD,223204,12,18.81,1.2,24
NICHOLSON @ DEPTFORD,223204,01,22.29,2.3,22.5
NICHOLSON @ DEPTFORD,223204,02,175.23,11.6,19
NICHOLSON @ DEPTFORD,223204,03,78.61,1.1,18.2
NICHOLSON @ DEPTFORD,223204,04,131.01,3.9,13.6
NICHOLSON @ DEPTFORD,223204,05,60.23,2.1,10.9
NICHOLSON @ DEPTFORD,223204,06,152.74,23.9,8.8
TAMBO @ BATTENS,223209,07,773.88,7.8,9.1
TAMBO @ BATTENS,223209,08,0,5.8,10.7
TAMBO @ BATTENS,223209,09,0,7.8,17.1
TAMBO @ BATTENS,223209,10,0,6.7,17.2
TAMBO @ BATTENS,223209,11,0,5.9,21.7
TAMBO @ BATTENS,223209,12,0,13.9,23.5
TAMBO @ BATTENS,223209,01,0,19,24.5
TAMBO @ BATTENS,223209,02,0,18.6,17.9
TAMBO @ BATTENS,223209,03,0,6.9,22.4
TAMBO @ BATTENS,223209,04,0,13.9,15.5
TAMBO @ BATTENS,223209,05,0,6.8,12
TAMBO @ BATTENS,223209,06,0,65,10.2
TAMBO @ U/S SMITH CK,223214,07,4.75,4.3,4.8
TAMBO @ U/S SMITH CK,223214,08,4.53,7.7,2
TAMBO @ U/S SMITH CK,223214,09,4.33,6.5,7.1
TAMBO @ U/S SMITH CK,223214,10,3.22,16.1,8.9
TAMBO @ U/S SMITH CK,223214,11,1.84,2.7,11.2
TAMBO @ U/S SMITH CK,223214,12,3.06,4.5,13.9
TAMBO @ U/S SMITH CK,223214,01,0.21,6,15.2
TAMBO @ U/S SMITH CK,223214,02,0.1,2.7,14.7
TAMBO @ U/S SMITH CK,223214,03,0.13,10.5,14.6
TAMBO @ U/S SMITH CK,223214,04,0.15,2,8.2
TAMBO @ U/S SMITH CK,223214,05,0.26,1.2,7.8
TAMBO @ U/S SMITH CK,223214,06,1.54,14,4.3
Nicholson R @ GR,223218,07,131.87,2.4,7
Nicholson R @ GR,223218,08,57.02,4,5.9
Nicholson R @ GR,223218,09,49.88,2.7,14.3
Nicholson R @ GR,223218,10,35.12,3,17
Nicholson R @ GR,223218,11,28.63,2.6,19
Nicholson R @ GR,223218,12,24.49,2,21.3
Nicholson R @ GR,223218,01,25.32,2.7,23.9
Nicholson R @ GR,223218,02,238.71,16.5,19
Nicholson R @ GR,223218,03,49.81,4.3,17.7
Nicholson R @ GR,223218,04,184.91,9.5,15.3
Nicholson R @ GR,223218,05,67.97,5.3,11.5
Nicholson R @ GR,223218,06,186.76,39,9.5
MITCHELL GLENALADALE,224203,07,2369.65,2.3,9.8
MITCHELL GLENALADALE,224203,08,1679.57,3.1,7.1
MITCHELL GLENALADALE,224203,09,2090.7,5.6,11.1
MITCHELL GLENALADALE,224203,10,1440.35,2.5,15
MITCHELL GLENALADALE,224203,11,1092.79,2.8,19.9
MITCHELL GLENALADALE,224203,12,2135.8,12.2,21.1
MITCHELL GLENALADALE,224203,01,459.43,3.6,22.3
MITCHELL GLENALADALE,224203,02,1414.42,5,24.4
MITCHELL GLENALADALE,224203,03,386.19,4.2,21.9
MITCHELL GLENALADALE,224203,04,977.95,18.9,16.3
MITCHELL GLENALADALE,224203,05,405.2,2,17.2
MITCHELL GLENALADALE,224203,06,1623.2,2.4,9.6
WONNANGATTA @CROOKED,224206,07,925.08,6.4,8.5
WONNANGATTA @CROOKED,224206,08,538.42,2.6,11.5
WONNANGATTA @CROOKED,224206,09,736.11,2.2,13.7
WONNANGATTA @CROOKED,224206,10,457.73,3,17
WONNANGATTA @CROOKED,224206,11,442.35,5.2,17.4
WONNANGATTA @CROOKED,224206,12,932.89,3.3,23.6
WONNANGATTA @CROOKED,224206,01,166.08,2.4,24
WONNANGATTA @CROOKED,224206,02,0,2.5,18.6
WONNANGATTA @CROOKED,224206,03,0,4.1,15.9
WONNANGATTA @CROOKED,224206,04,374.13,2.5,16.5
WONNANGATTA @CROOKED,224206,05,140.84,1.9,8.1
WONNANGATTA @CROOKED,224206,06,579.65,2.5,6.1
DARGO @ L DARGO RD,224213,07,572.45,8.9,7.9
DARGO @ L DARGO RD,224213,08,526.54,88,11.3
DARGO @ L DARGO RD,224213,09,649.43,3,12.8
DARGO @ L DARGO RD,224213,10,459.77,4.1,15
DARGO @ L DARGO RD,224213,11,389.47,3.8,19.1
DARGO @ L DARGO RD,224213,12,594.47,2.3,22.2
DARGO @ L DARGO RD,224213,01,124.08,1,26
DARGO @ L DARGO RD,224213,02,97.89,2.5,20.4
DARGO @ L DARGO RD,224213,03,76.65,2,18.8
DARGO @ L DARGO RD,224213,04,117.26,1.4,18.2
DARGO @ L DARGO RD,224213,05,93.69,0.8,10
DARGO @ L DARGO RD,224213,06,444.13,1.8,4.3
MITCHELL @ ROSEHILL,224217,07,2452.07,4.2,7.8
MITCHELL @ ROSEHILL,224217,08,1757.76,2.8,9.5
MITCHELL @ ROSEHILL,224217,09,2174.31,5.5,13.9
MITCHELL @ ROSEHILL,224217,10,1515.17,4.5,14.9
MITCHELL @ ROSEHILL,224217,11,1061.53,5.9,19.4
MITCHELL @ ROSEHILL,224217,12,2164.37,16.3,20.6
MITCHELL @ ROSEHILL,224217,01,426.88,6.9,25.1
MITCHELL @ ROSEHILL,224217,02,1617.2,867,19.3
MITCHELL @ ROSEHILL,224217,03,413.63,7.4,23
MITCHELL @ ROSEHILL,224217,04,1135.17,8.2,16.9
MITCHELL @ ROSEHILL,224217,05,437.33,5.1,15
MITCHELL @ ROSEHILL,224217,06,1669.3,44,10
AVON @ STRATFORD,225201,07,412.24,4.7,9.6
AVON @ STRATFORD,225201,08,160.2,5.5,9.3
AVON @ STRATFORD,225201,09,116.92,63,15.3
AVON @ STRATFORD,225201,10,73.41,5.7,18.5
AVON @ STRATFORD,225201,11,28.13,4.6,21
AVON @ STRATFORD,225201,12,25.94,8.4,24.3
AVON @ STRATFORD,225201,01,17.49,5.9,24.2
AVON @ STRATFORD,225201,02,1152.07,4.8,27.6
AVON @ STRATFORD,225201,03,136.99,6.4,21.8
AVON @ STRATFORD,225201,04,598.73,22,15.1
AVON @ STRATFORD,225201,05,202.17,4.9,15.7
AVON @ STRATFORD,225201,06,205.52,5.1,9.1
ABERFELDY @BEARDMORE,225213,07,198.19,17.8,8.4
ABERFELDY @BEARDMORE,225213,08,123.96,2.8,9.2
ABERFELDY @BEARDMORE,225213,09,113.9,2.6,11.1
ABERFELDY @BEARDMORE,225213,10,86.71,2.2,15.4
ABERFELDY @BEARDMORE,225213,11,50.3,3.3,18.9
ABERFELDY @BEARDMORE,225213,12,56.29,1.8,20.2
ABERFELDY @BEARDMORE,225213,01,19.43,3,24.5
ABERFELDY @BEARDMORE,225213,02,79.31,1.7,18.1
ABERFELDY @BEARDMORE,225213,03,55.37,2.7,17.9
ABERFELDY @BEARDMORE,225213,04,99.29,0.9,16.2
ABERFELDY @BEARDMORE,225213,05,38.01,1.7,7.1
ABERFELDY @BEARDMORE,225213,06,56.28,1.6,6.3
VALENCIA @ GILLIO RD,225223,07,82.1,1.3,7.8
VALENCIA @ GILLIO RD,225223,08,26.92,1.7,7.2
VALENCIA @ GILLIO RD,225223,09,23.34,1,13.8
VALENCIA @ GILLIO RD,225223,10,14.6,1.3,14.5
VALENCIA @ GILLIO RD,225223,11,10.21,1.2,22.8
VALENCIA @ GILLIO RD,225223,12,8.2,2.2,23.5
VALENCIA @ GILLIO RD,225223,01,8.4,1.8,20.1
VALENCIA @ GILLIO RD,225223,02,207.06,1.1,27.5
VALENCIA @ GILLIO RD,225223,03,77.27,1.8,20.3
VALENCIA @ GILLIO RD,225223,04,138.08,8.4,14.7
VALENCIA @ GILLIO RD,225223,05,44.77,2.1,12.3
VALENCIA @ GILLIO RD,225223,06,53.8,1.4,8.3
THOM. @U/S COWWARR W,225231,07,437.79,23.7,9
THOM. @U/S COWWARR W,225231,08,274.65,2.2,9.3
THOM. @U/S COWWARR W,225231,09,287.81,3.7,11.9
THOM. @U/S COWWARR W,225231,10,260.85,2.2,15.7
THOM. @U/S COWWARR W,225231,11,546.46,4.6,14.6
THOM. @U/S COWWARR W,225231,12,303.89,2.3,22.9
THOM. @U/S COWWARR W,225231,01,267.67,1.4,19.5
THOM. @U/S COWWARR W,225231,02,427.79,13.2,22.9
THOM. @U/S COWWARR W,225231,03,248.21,1.2,21.8
THOM. @U/S COWWARR W,225231,04,471.27,1.3,15.7
THOM. @U/S COWWARR W,225231,05,248.98,2.2,11.1
THOM. @U/S COWWARR W,225231,06,252.15,1.6,7.1
THOMSON @ BUNDALAGUA,225232,07,582.51,13,8.5
THOMSON @ BUNDALAGUA,225232,08,413.35,18.2,8.8
THOMSON @ BUNDALAGUA,225232,09,394.53,19.2,12.5
THOMSON @ BUNDALAGUA,225232,10,342.35,25,16.3
THOMSON @ BUNDALAGUA,225232,11,730.14,36,19.1
THOMSON @ BUNDALAGUA,225232,12,383.38,32,23.4
THOMSON @ BUNDALAGUA,225232,01,352.36,19,22.1
THOMSON @ BUNDALAGUA,225232,02,660.61,25,24.4
THOMSON @ BUNDALAGUA,225232,03,390.54,22,23.2
THOMSON @ BUNDALAGUA,225232,04,737.39,47,17.4
THOMSON @ BUNDALAGUA,225232,05,518.27,22,14.5
THOMSON @ BUNDALAGUA,225232,06,741.63,18.6,10.4
AVON R @ CHINN'S BR,225234,07,503.5,7.1,8.7
AVON R @ CHINN'S BR,225234,08,251.2,7.6,8.4
AVON R @ CHINN'S BR,225234,09,238.74,17.2,12.6
AVON R @ CHINN'S BR,225234,10,129.6,12.3,17.2
AVON R @ CHINN'S BR,225234,11,147,12.9,20.9
AVON R @ CHINN'S BR,225234,12,210.67,13.7,23
AVON R @ CHINN'S BR,225234,01,184.34,17.5,25.4
AVON R @ CHINN'S BR,225234,02,0,10.7,25.9
AVON R @ CHINN'S BR,225234,03,161.39,14.8,22.3
AVON R @ CHINN'S BR,225234,04,745.03,48,18
AVON R @ CHINN'S BR,225234,05,265.33,10.9,15.2
AVON R @ CHINN'S BR,225234,06,311.55,10.3,9.8
Nuntin ck @ Princes,225263,07,1.25,79,9.7
Nuntin ck @ Princes,225263,08,0.82,61,10.6
Nuntin ck @ Princes,225263,09,1.72,7.7,12.7
Nuntin ck @ Princes,225263,10,1.2,64,15.4
Nuntin ck @ Princes,225263,11,2.31,20.6,18.4
Nuntin ck @ Princes,225263,12,1.78,35.6,19.2
Nuntin ck @ Princes,225263,01,2.22,53.9,20
Nuntin ck @ Princes,225263,02,0,174,22.6
Nuntin ck @ Princes,225263,03,6.61,49,20.5
Nuntin ck @ Princes,225263,04,6.79,32.2,15.8
CG2 @ Freshwater Rd,225729,07,6.58,99,10.6
CG2 @ Freshwater Rd,225729,08,4.06,41.4,12.4
CG2 @ Freshwater Rd,225729,09,5.53,69,16
CG2 @ Freshwater Rd,225729,10,0,77,13
CG2 @ Freshwater Rd,225729,11,0,27.3,19
CG2 @ Freshwater Rd,225729,12,0,35.7,24.2
CG2 @ Freshwater Rd,225729,01,0,14.2,18.8
CG2 @ Freshwater Rd,225729,02,0,152,26.7
CG2 @ Freshwater Rd,225729,03,8.04,17,32.2
CG2 @ Freshwater Rd,225729,04,0,13,20.8
TYERS @ BROWNS,226007,07,492.61,44,6.6
TYERS @ BROWNS,226007,08,209.23,4.5,8.2
TYERS @ BROWNS,226007,09,266.29,12.2,7.4
TYERS @ BROWNS,226007,10,229.19,3.3,12.7
TYERS @ BROWNS,226007,11,139.89,3.8,14.8
TYERS @ BROWNS,226007,12,129.66,4.4,16.4
TYERS @ BROWNS,226007,01,103.51,5.7,20
TYERS @ BROWNS,226007,02,136.47,4.2,14.2
TYERS @ BROWNS,226007,03,119.04,5.8,13.3
TYERS @ BROWNS,226007,04,142.93,2.5,13.8
TYERS @ BROWNS,226007,05,109.59,2.4,5.4
TYERS @ BROWNS,226007,06,134.7,1.8,6.8
TYERS @ MORGANS MILL,226008,07,331.51,10.7,6.5
TYERS @ MORGANS MILL,226008,10,160.79,1.8,12.7
TYERS @ MORGANS MILL,226008,01,75.5,3.2,18
TYERS @ MORGANS MILL,226008,04,93.57,1.5,13.7
JACOBS @ O'TOOLES,226017,07,23,50,8.6
JACOBS @ O'TOOLES,226017,08,9.31,10.7,9.3
JACOBS @ O'TOOLES,226017,09,10.71,17.1,9.1
JACOBS @ O'TOOLES,226017,10,8.48,7.3,13
JACOBS @ O'TOOLES,226017,11,4.47,8.2,14.7
JACOBS @ O'TOOLES,226017,12,3.38,9.2,15.7
JACOBS @ O'TOOLES,226017,01,2.1,7.1,20
JACOBS @ O'TOOLES,226017,02,2.81,7,14.9
JACOBS @ O'TOOLES,226017,03,2.86,9.7,13.7
JACOBS @ O'TOOLES,226017,04,2.94,7,14.2
JACOBS @ O'TOOLES,226017,05,2.69,6.4,6.1
JACOBS @ O'TOOLES,226017,06,3.4,10.8,6.7
LATROBE @ WILLOW GVE,226204,07,876.31,9.2,5.5
LATROBE @ WILLOW GVE,226204,08,458,11.2,7.6
LATROBE @ WILLOW GVE,226204,09,515.29,12,11.2
LATROBE @ WILLOW GVE,226204,10,457.1,7.2,11.4
LATROBE @ WILLOW GVE,226204,11,323.82,11.3,17.6
LATROBE @ WILLOW GVE,226204,12,252.1,14,22.6
LATROBE @ WILLOW GVE,226204,01,210.82,16,8.7
LATROBE @ WILLOW GVE,226204,02,167.57,8.6,24.6
LATROBE @ WILLOW GVE,226204,03,169.7,6.6,19.4
LATROBE @ WILLOW GVE,226204,04,160.55,7.3,14.5
LATROBE @ WILLOW GVE,226204,05,166.67,5.1,13.4
LATROBE @ WILLOW GVE,226204,06,236.61,3.7,9.4
MOE R @ DARNUM,226209,07,355.22,9.2,5.2
MOE R @ DARNUM,226209,08,106.62,20,9.3
MOE R @ DARNUM,226209,09,139.12,28,9.1
MOE R @ DARNUM,226209,10,96.87,23,14.5
MOE R @ DARNUM,226209,11,33.27,30,16.9
MOE R @ DARNUM,226209,12,24.66,34,17.9
MOE R @ DARNUM,226209,01,12.35,22,16.9
MOE R @ DARNUM,226209,02,10.39,41,21.3
MOE R @ DARNUM,226209,03,15.06,35,16.8
MOE R @ DARNUM,226209,04,17.35,31,17.2
MOE R @ DARNUM,226209,05,18.89,31,14.6
MOE R @ DARNUM,226209,06,22.83,23.4,9.7
TANJIL @ TANJIL JUNC,226226,07,0,2.5,4.7
TANJIL @ TANJIL JUNC,226226,08,377.67,4.4,6.3
TANJIL @ TANJIL JUNC,226226,09,371.66,5.5,9.3
TANJIL @ TANJIL JUNC,226226,10,359.4,3.7,11.3
TANJIL @ TANJIL JUNC,226226,11,249.91,3.4,15.8
TANJIL @ TANJIL JUNC,226226,12,184.32,3.6,20.3
TANJIL @ TANJIL JUNC,226226,01,138.36,3.3,16.7
TANJIL @ TANJIL JUNC,226226,02,123.96,2.3,21.5
TANJIL @ TANJIL JUNC,226226,03,134.01,2.1,17.9
TANJIL @ TANJIL JUNC,226226,04,128.07,2.7,13.3
TANJIL @ TANJIL JUNC,226226,05,110.1,2.9,12.3
TANJIL @ TANJIL JUNC,226226,06,179.49,2.6,7.1
LATROBE @ KILMANY S.,226227,07,0,26,9.1
LATROBE @ KILMANY S.,226227,08,1919.31,36,8.9
LATROBE @ KILMANY S.,226227,09,2080.41,41,12
LATROBE @ KILMANY S.,226227,10,1665.32,52,15.8
LATROBE @ KILMANY S.,226227,11,1041.9,42,19.1
LATROBE @ KILMANY S.,226227,12,1076.47,57,22.5
LATROBE @ KILMANY S.,226227,01,511.19,43,21.1
LATROBE @ KILMANY S.,226227,02,486.19,51,24.3
LATROBE @ KILMANY S.,226227,03,520.59,51,23
LATROBE @ KILMANY S.,226227,04,485.72,61,18.6
LATROBE @ KILMANY S.,226227,05,531.87,38,14.7
LATROBE @ KILMANY S.,226227,06,627.31,24,10.2
LATROBE @ ROSEDALE,226228,07,3434.65,16.9,8.5
LATROBE @ ROSEDALE,226228,08,1895.9,32,8.6
LATROBE @ ROSEDALE,226228,09,2065.91,39,11.6
LATROBE @ ROSEDALE,226228,10,1699.37,64,15.9
LATROBE @ ROSEDALE,226228,11,1105.49,34,19.2
LATROBE @ ROSEDALE,226228,12,1095.25,47,22.4
LATROBE @ ROSEDALE,226228,01,547.88,32,19.7
LATROBE @ ROSEDALE,226228,02,512.45,36,24.8
LATROBE @ ROSEDALE,226228,03,529.92,40,23.1
LATROBE @ ROSEDALE,226228,04,501.49,44,18
LATROBE @ ROSEDALE,226228,05,528.01,28,15.2
LATROBE @ ROSEDALE,226228,06,640.27,23,9.8
TYERS R @ TYERS JUC,226235,07,0,10.4,6.7
TYERS R @ TYERS JUC,226235,10,204.75,3.4,12.7
TYERS R @ TYERS JUC,226235,01,102.8,2.9,17.5
TYERS R @ TYERS JUC,226235,04,116.24,2.6,13.6
MOE @ TRAFALGAR,226402,07,808.24,36,7
MOE @ TRAFALGAR,226402,08,216.39,32,9.7
MOE @ TRAFALGAR,226402,09,318.76,57,11.1
MOE @ TRAFALGAR,226402,10,240.16,43,13.5
MOE @ TRAFALGAR,226402,11,67.67,31,18.4
MOE @ TRAFALGAR,226402,12,47.99,81,21.3
MOE @ TRAFALGAR,226402,01,24.25,68,19.2
MOE @ TRAFALGAR,226402,02,20.05,83,23.7
MOE @ TRAFALGAR,226402,03,30.11,82,18.4
MOE @ TRAFALGAR,226402,04,29.89,83,17.1
MOE @ TRAFALGAR,226402,05,39.4,73,13.6
MOE @ TRAFALGAR,226402,06,51.78,31.5,9.2
TARRA @ YARRAM,227200,07,106.26,7.1,7.1
TARRA @ YARRAM,227200,08,44.21,12.1,6.3
TARRA @ YARRAM,227200,09,61.15,10.3,11
TARRA @ YARRAM,227200,10,35.59,8.1,12.9
TARRA @ YARRAM,227200,11,30.14,10.2,17.4
TARRA @ YARRAM,227200,12,54.71,42,21.1
TARRA @ YARRAM,227200,01,15.13,9.5,20
TARRA @ YARRAM,227200,02,41.37,5,22.7
TARRA @ YARRAM,227200,03,17.05,4.8,17.5
TARRA @ YARRAM,227200,04,22.41,14.3,16.5
TARRA @ YARRAM,227200,05,24.41,3.8,13.2
TARRA @ YARRAM,227200,06,30.59,8.3,8.7
TARWIN @ MEENIYAN,227202,07,1888.69,132,10.3
TARWIN @ MEENIYAN,227202,08,521.85,37,11.2
TARWIN @ MEENIYAN,227202,09,883.73,42.4,11.9
TARWIN @ MEENIYAN,227202,10,526.96,55.1,15.3
TARWIN @ MEENIYAN,227202,11,164.62,43.1,16.2
TARWIN @ MEENIYAN,227202,12,147.33,63.9,19.9
TARWIN @ MEENIYAN,227202,01,54.54,45,19.5
TARWIN @ MEENIYAN,227202,02,50.67,44.1,22.2
TARWIN @ MEENIYAN,227202,03,47.46,31,21.2
TARWIN @ MEENIYAN,227202,04,50.4,23.4,15.7
TARWIN @ MEENIYAN,227202,05,64.17,18.7,11.2
TARWIN @ MEENIYAN,227202,06,91.57,14.2,8.4
AGNES @ TOORA,227211,07,150.16,53,9.8
AGNES @ TOORA,227211,08,44.89,12.4,10.8
AGNES @ TOORA,227211,09,83.97,22.6,11
AGNES @ TOORA,227211,10,51.89,24.3,15.5
AGNES @ TOORA,227211,11,33.5,9.3,16.8
AGNES @ TOORA,227211,12,43.6,4.6,20.5
AGNES @ TOORA,227211,01,14.39,5.2,22.1
AGNES @ TOORA,227211,02,20.05,20.4,20.2
AGNES @ TOORA,227211,03,13.55,4.4,21.3
AGNES @ TOORA,227211,04,14.48,5.9,16.4
AGNES @ TOORA,227211,05,18.74,8.8,12.4
AGNES @ TOORA,227211,06,35.11,21.2,9.6
BASS @ LOCH,227219,08,24.18,8,11.6
BASS @ LOCH,227219,10,19.74,7,13.3
BASS @ LOCH,227219,12,0.75,4,17.9
BASS @ LOCH,227219,02,0,15,21
BASS @ LOCH,227219,04,0,9,15
BASS @ LOCH,227219,06,0,9,7.5
BASS @ GLEN FORBES S,227231,07,333.5,130,10.1
BASS @ GLEN FORBES S,227231,08,54.2,6.9,12.4
BASS @ GLEN FORBES S,227231,09,124.03,21.4,12.7
BASS @ GLEN FORBES S,227231,10,63.77,17,15.2
BASS @ GLEN FORBES S,227231,11,14.4,48,16.7
BASS @ GLEN FORBES S,227231,12,4.61,5,21.9
BASS @ GLEN FORBES S,227231,01,0.27,5.6,21.2
BASS @ GLEN FORBES S,227231,02,0.06,10,25
BASS @ GLEN FORBES S,227231,03,0.06,40,19.5
BASS @ GLEN FORBES S,227231,04,0.11,36,16.8
BASS @ GLEN FORBES S,227231,05,0.36,84,15.5
BASS @ GLEN FORBES S,227231,06,0.89,9.5,9.5
FRANKLIN @ TOORA,227237,07,140.16,47.5,9.5
FRANKLIN @ TOORA,227237,08,36.66,10.5,10.3
FRANKLIN @ TOORA,227237,09,80.1,13.6,11.1
FRANKLIN @ TOORA,227237,10,49.83,16.7,16
FRANKLIN @ TOORA,227237,11,26.9,10.2,17.4
FRANKLIN @ TOORA,227237,12,34.51,7.8,20.4
FRANKLIN @ TOORA,227237,01,8.84,5.9,22.5
FRANKLIN @ TOORA,227237,02,13.87,22.2,20.6
FRANKLIN @ TOORA,227237,03,8.55,6.4,21.3
FRANKLIN @ TOORA,227237,04,8.98,5.7,15.4
FRANKLIN @ TOORA,227237,05,13.07,4.3,11.6
FRANKLIN @ TOORA,227237,06,27.59,9.3,9.1
TARRA R @ WEIR O/T,227251,07,46.83,3.5,4.4
TARRA R @ WEIR O/T,227251,08,22.73,4.5,6.5
TARRA R @ WEIR O/T,227251,09,28.24,8.7,9.5
TARRA R @ WEIR O/T,227251,10,20.53,3.8,8.3
TARRA R @ WEIR O/T,227251,11,19.73,6.6,13.6
TARRA R @ WEIR O/T,227251,12,17.51,15,14.1
TARRA R @ WEIR O/T,227251,01,9.69,6,14.4
TARRA R @ WEIR O/T,227251,02,21.47,3.9,20
TARRA R @ WEIR O/T,227251,03,11.16,4.3,14.6
TARRA R @ WEIR O/T,227251,04,12.53,11.8,13.4
TARRA R @ WEIR O/T,227251,05,13.59,3,11.9
TARRA R @ WEIR O/T,227251,06,15.64,2.9,7
MERRIMAN CK PUMP STN,227272,07,65.19,5.9,6.2
MERRIMAN CK PUMP STN,227272,08,40.67,12.9,6.6
MERRIMAN CK PUMP STN,227272,09,54.49,6.2,9.9
MERRIMAN CK PUMP STN,227272,10,32.77,10,12.9
MERRIMAN CK PUMP STN,227272,11,8.07,7.5,17.8
MERRIMAN CK PUMP STN,227272,12,14.33,6,21.4
MERRIMAN CK PUMP STN,227272,01,6.72,10.1,21.5
MERRIMAN CK PUMP STN,227272,02,6.25,9.6,25.5
MERRIMAN CK PUMP STN,227272,03,6.78,5.6,18.6
MERRIMAN CK PUMP STN,227272,04,9,5,16.6
MERRIMAN CK PUMP STN,227272,05,10.5,4,12.6
MERRIMAN CK PUMP STN,227272,06,18.13,3.8,9.5
Golden Ck @ US HVP,227280,07,0,38.3,10.4
Golden Ck @ US HVP,227280,09,1.32,17.7,8.2
Golden Ck @ US HVP,227280,11,1.24,3.3,11.6
Golden Ck @ US HVP,227280,01,0.14,1.6,14.6
Golden Ck @ D/S HVP,227281,07,0,38,10.3
Golden Ck @ D/S HVP,227281,09,2.31,18.6,9.8
Golden Ck @ D/S HVP,227281,11,2.09,3.4,11.8
Golden Ck @ D/S HVP,227281,01,0.12,2.3,15.3
Bennison ck@ Frankln,227282,04,0,189,12.3
Bennison ck@ Frankln,227282,06,6.25,21,9.4
AGNES R @ AGNES R RD,227283,04,15.58,8,16.6
AGNES R @ AGNES R RD,227283,06,37,13.1,8.8
Tarra R @ Pound Rd E,227284,04,22.95,5.9,15.6
Tarra R @ Pound Rd E,227284,06,28.03,8.4,9.2
JACKSON CK @ SUNBURY,230202,07,44.73,40,9.2
JACKSON CK @ SUNBURY,230202,08,27.99,7,10.3
JACKSON CK @ SUNBURY,230202,09,20.26,41.5,11.5
JACKSON CK @ SUNBURY,230202,10,18.45,4.5,18
JACKSON CK @ SUNBURY,230202,11,12.14,3.4,18.9
JACKSON CK @ SUNBURY,230202,12,11.13,4.2,22.4
JACKSON CK @ SUNBURY,230202,01,9.24,7.5,20.5
JACKSON CK @ SUNBURY,230202,02,11.73,7.4,22.8
JACKSON CK @ SUNBURY,230202,03,6.63,12.7,17.9
JACKSON CK @ SUNBURY,230202,04,6.66,3.3,17
JACKSON CK @ SUNBURY,230202,05,10.25,6.3,9
JACKSON CK @ SUNBURY,230202,06,24.84,11.4,8.1
RIDDELLS @ RIDELLS,230204,07,23.53,7,6.2
RIDDELLS @ RIDELLS,230204,08,15.2,16,10.1
RIDDELLS @ RIDELLS,230204,09,8.3,11,10.5
RIDDELLS @ RIDELLS,230204,10,7.32,9,16.6
RIDDELLS @ RIDELLS,230204,11,3.22,9,21.6
RIDDELLS @ RIDELLS,230204,12,3.4,12,20
RIDDELLS @ RIDELLS,230204,01,0.59,15,17.9
RIDDELLS @ RIDELLS,230204,02,1.32,12,16.4
RIDDELLS @ RIDELLS,230204,03,0.56,9,17
RIDDELLS @ RIDELLS,230204,04,0.76,17,15.1
RIDDELLS @ RIDELLS,230204,05,0.74,8,9.3
RIDDELLS @ RIDELLS,230204,06,4.69,6,7.3
DEEP @ BULLA,230205,07,35.35,7.5,9.7
DEEP @ BULLA,230205,08,28.04,4.8,10.2
DEEP @ BULLA,230205,09,21.88,2.9,11.8
DEEP @ BULLA,230205,10,17.61,2.4,18
DEEP @ BULLA,230205,11,4.1,2,17.9
DEEP @ BULLA,230205,12,4.37,2.3,20.7
DEEP @ BULLA,230205,01,0.44,2.4,23
DEEP @ BULLA,230205,02,0,2,18.6
DEEP @ BULLA,230205,03,0,1.5,18.4
DEEP @ BULLA,230205,04,0.04,1.7,16.4
DEEP @ BULLA,230205,05,0.66,2,8.4
DEEP @ BULLA,230205,06,1.62,2.2,8.1
BARRINGO CREEK,230209,07,3.69,10.2,8
BARRINGO CREEK,230209,08,2.67,5.4,7.9
BARRINGO CREEK,230209,09,2.35,4.3,8.2
BARRINGO CREEK,230209,10,2.3,4.4,12.2
BARRINGO CREEK,230209,11,1.84,2.2,11.5
BARRINGO CREEK,230209,12,1.4,1.5,14.1
BARRINGO CREEK,230209,01,0.92,2.3,14.8
BARRINGO CREEK,230209,02,0.77,1.9,12.1
BARRINGO CREEK,230209,03,0.72,2.2,13
BARRINGO CREEK,230209,04,0.7,5.5,12.2
BARRINGO CREEK,230209,05,0,1.9,7.5
BARRINGO CREEK,230209,06,1.37,3.8,6.7
DEEP CK @ BOLINDA,230232,07,19.39,6.1,9
DEEP CK @ BOLINDA,230232,08,18.39,7.9,11.1
DEEP CK @ BOLINDA,230232,09,12.43,5.4,11.2
DEEP CK @ BOLINDA,230232,10,6.61,3.1,18.2
DEEP CK @ BOLINDA,230232,11,0.84,3.4,18.2
DEEP CK @ BOLINDA,230232,12,2.63,10,22.8
DEEP CK @ BOLINDA,230232,01,0,2.2,22.3
DEEP CK @ BOLINDA,230232,02,0,3,18.3
DEEP CK @ BOLINDA,230232,03,0,2.9,17.9
DEEP CK @ BOLINDA,230232,04,0,3,16.9
DEEP CK @ BOLINDA,230232,05,0,2.9,10.5
DEEP CK @ BOLINDA,230232,06,0,4,9.3
JACKSONS CK U/S RWP,230242,08,19.93,6,9.4
JACKSONS CK U/S RWP,230242,10,13.96,3,13.2
JACKSONS CK U/S RWP,230242,12,11.66,3,15.3
JACKSONS CK U/S RWP,230242,02,12.14,5,12.7
JACKSONS CK U/S RWP,230242,04,7.69,5,14
JACKSONS CK U/S RWP,230242,06,17.59,4,7.5
BOLINDA CK PDR FLOW,230243,08,0.93,8,14.1
BOLINDA CK PDR FLOW,230243,10,0.95,4,20.9
BOLINDA CK PDR FLOW,230243,12,0.54,11,25.3
BOLINDA CK PDR FLOW,230243,01,0.31,7,25
BOLINDA CK PDR FLOW,230243,02,0.21,11.4,27.3
BOLINDA CK PDR FLOW,230243,03,0.32,7,25.2
BOLINDA CK PDR FLOW,230243,04,0.19,3,18.3
BOLINDA CK PDR FLOW,230243,06,0.44,11,10
WERRIBEE @ BACCHUS,231200,07,8.76,15.4,7.4
WERRIBEE @ BACCHUS,231200,08,9.79,14,12.3
WERRIBEE @ BACCHUS,231200,09,18.13,17,11.7
WERRIBEE @ BACCHUS,231200,10,17.59,19.3,15.3
WERRIBEE @ BACCHUS,231200,11,13.06,26,17.9
WERRIBEE @ BACCHUS,231200,12,12.81,21.1,22.9
WERRIBEE @ BACCHUS,231200,01,12.07,47.2,20.2
WERRIBEE @ BACCHUS,231200,02,12.49,127,24.5
WERRIBEE @ BACCHUS,231200,03,12.21,21.7,22.6
WERRIBEE @ BACCHUS,231200,04,10.99,11.1,15.2
WERRIBEE @ BACCHUS,231200,05,7.02,11.8,14.4
WERRIBEE @ BACCHUS,231200,06,7.3,12,9.9
WERRIBEE @ DIV. WEIR,231204,07,48.13,4.5,8.5
WERRIBEE @ DIV. WEIR,231204,08,49.18,5.3,10.6
WERRIBEE @ DIV. WEIR,231204,09,15.88,6.1,13
WERRIBEE @ DIV. WEIR,231204,10,10,5.7,15.8
WERRIBEE @ DIV. WEIR,231204,11,13.04,2.3,20.4
WERRIBEE @ DIV. WEIR,231204,12,15.84,4.4,24.8
WERRIBEE @ DIV. WEIR,231204,01,15.42,4.6,23.1
WERRIBEE @ DIV. WEIR,231204,02,7.82,4.8,22.8
WERRIBEE @ DIV. WEIR,231204,03,10.74,3.1,23.8
WERRIBEE @ DIV. WEIR,231204,04,12.86,12.7,18
WERRIBEE @ DIV. WEIR,231204,05,1.89,6.5,15.9
WERRIBEE @ DIV. WEIR,231204,06,14.85,9.5,12.7
LERDERDERG @ SARDINE,231213,07,30.94,3.1,4.7
LERDERDERG @ SARDINE,231213,08,16.41,4,10
LERDERDERG @ SARDINE,231213,09,16.96,5.3,9.2
LERDERDERG @ SARDINE,231213,10,16.26,7,13.7
LERDERDERG @ SARDINE,231213,11,6.76,4,17.3
LERDERDERG @ SARDINE,231213,12,3.35,11.5,21.7
LERDERDERG @ SARDINE,231213,01,0.14,17.1,20
LERDERDERG @ SARDINE,231213,02,0.76,21.9,23.7
LERDERDERG @ SARDINE,231213,03,0,8.8,23.7
LERDERDERG @ SARDINE,231213,04,0,46.7,16.6
LERDERDERG @ SARDINE,231213,05,0,48,13
LERDERDERG @ SARDINE,231213,06,4.06,39.3,8.4
LITTLE @ LITTLE,232200,07,1.48,1,7.4
LITTLE @ LITTLE,232200,08,1.22,1.4,9.9
LITTLE @ LITTLE,232200,09,1.14,1.4,12.7
LITTLE @ LITTLE,232200,10,2.51,1.9,15.4
LITTLE @ LITTLE,232200,11,0.85,1,18.2
LITTLE @ LITTLE,232200,12,0.48,1.5,21.4
LITTLE @ LITTLE,232200,01,0.42,2.8,22
LITTLE @ LITTLE,232200,02,0.45,4,22.8
LITTLE @ LITTLE,232200,03,0.57,1.8,22.9
LITTLE @ LITTLE,232200,04,0.81,6.9,16.7
LITTLE @ LITTLE,232200,05,0.94,1.8,15.1
LITTLE @ LITTLE,232200,06,1.21,2.2,9.9
MOORABOOL @ BATESFOR,232202,07,16.22,4,8.8
MOORABOOL @ BATESFOR,232202,08,21.23,3.9,8.5
MOORABOOL @ BATESFOR,232202,09,22.1,7.2,11.6
MOORABOOL @ BATESFOR,232202,10,22.61,4.5,13.6
MOORABOOL @ BATESFOR,232202,11,7.59,7.1,16.1
MOORABOOL @ BATESFOR,232202,12,7.85,5.5,20.7
MOORABOOL @ BATESFOR,232202,01,16.23,5.3,20.9
MOORABOOL @ BATESFOR,232202,02,11.93,12.1,22.8
MOORABOOL @ BATESFOR,232202,03,8.48,6.3,20.1
MOORABOOL @ BATESFOR,232202,04,19.35,8.4,17.6
MOORABOOL @ BATESFOR,232202,05,8.75,4.4,14.7
MOORABOOL @ BATESFOR,232202,06,16.53,4.5,10.8
MOORABOOL @ MORRISON,232204,07,25.66,8.4,4.4
MOORABOOL @ MORRISON,232204,08,22.93,3.4,6.9
MOORABOOL @ MORRISON,232204,09,22.55,3.7,10.1
MOORABOOL @ MORRISON,232204,10,17.59,4.8,12.8
MOORABOOL @ MORRISON,232204,11,12.12,5.5,16.6
MOORABOOL @ MORRISON,232204,12,15.49,2.4,19.7
MOORABOOL @ MORRISON,232204,01,27.92,1.7,18.9
MOORABOOL @ MORRISON,232204,02,20.99,2.8,22
MOORABOOL @ MORRISON,232204,03,20.14,1.8,16.7
MOORABOOL @ MORRISON,232204,04,29.17,4.1,14.7
MOORABOOL @ MORRISON,232204,05,13.86,2.1,13.2
MOORABOOL @ MORRISON,232204,06,11.71,3.3,7.8
MOORABOOL @ LAL LAL,232210,07,8.57,6.1,3
MOORABOOL @ LAL LAL,232210,08,6.02,6.6,5.8
MOORABOOL @ LAL LAL,232210,09,5.3,7.6,8
MOORABOOL @ LAL LAL,232210,10,3.82,7.6,10.8
MOORABOOL @ LAL LAL,232210,11,0.8,4.4,14
MOORABOOL @ LAL LAL,232210,12,0.24,4.4,13.7
MOORABOOL @ LAL LAL,232210,01,0,36.3,14.5
MOORABOOL @ LAL LAL,232210,02,0.05,2.6,20.1
MOORABOOL @ LAL LAL,232210,05,0.22,2.6,13.6
MOORABOOL @ LAL LAL,232210,06,1.62,2.1,6.4
BARWON POLLOCKSFORD,233200,07,158.14,4.9,8.4
BARWON POLLOCKSFORD,233200,08,81.62,16.3,8.2
BARWON POLLOCKSFORD,233200,09,188.37,11.5,12.8
BARWON POLLOCKSFORD,233200,10,107.01,16.5,14.8
BARWON POLLOCKSFORD,233200,11,22.14,3.8,19.6
BARWON POLLOCKSFORD,233200,12,37.25,4.1,23.7
BARWON POLLOCKSFORD,233200,01,17.53,4.6,21.4
BARWON POLLOCKSFORD,233200,02,15.18,6.8,25.7
BARWON POLLOCKSFORD,233200,03,11.65,4.2,20.5
BARWON POLLOCKSFORD,233200,04,11.6,7.4,17.3
BARWON POLLOCKSFORD,233200,05,18.62,7.3,15.9
BARWON POLLOCKSFORD,233200,06,109.64,7.2,10.7
BARWON WINCHELSEA,233201,07,68.34,10.5,8.3
BARWON WINCHELSEA,233201,08,30.66,15,9.1
BARWON WINCHELSEA,233201,09,157.77,35.5,11.8
BARWON WINCHELSEA,233201,10,41.34,20.6,14.6
BARWON WINCHELSEA,233201,11,6.69,17.4,17.6
BARWON WINCHELSEA,233201,12,11.04,19,18.7
BARWON WINCHELSEA,233201,01,3.39,11.1,21.8
BARWON WINCHELSEA,233201,02,3.19,9.6,22.4
BARWON WINCHELSEA,233201,03,0.93,12.3,20.1
BARWON WINCHELSEA,233201,04,0.84,13.6,15.4
BARWON WINCHELSEA,233201,05,1.63,18.6,14.1
BARWON WINCHELSEA,233201,06,24.46,19.2,9.9
BARWON @ FORREST,233214,07,24.66,18.8,9.7
BARWON @ FORREST,233214,08,6,1.9,10.1
BARWON @ FORREST,233214,09,32.04,2.6,10.2
BARWON @ FORREST,233214,10,6.72,2,14.9
BARWON @ FORREST,233214,11,2.34,2.5,13.2
BARWON @ FORREST,233214,12,3.2,3.4,17.4
BARWON @ FORREST,233214,01,0.75,4,18.2
BARWON @ FORREST,233214,02,0.94,2.3,18.2
BARWON @ FORREST,233214,03,0.32,2,14.4
BARWON @ FORREST,233214,04,0.45,1.9,14.9
BARWON @ FORREST,233214,05,0.59,2.5,7.4
BARWON @ FORREST,233214,06,8.7,2.8,8.5
LEIGH @ MERCER,233215,07,94.9,30.6,8.8
LEIGH @ MERCER,233215,08,42.76,9.7,9.9
LEIGH @ MERCER,233215,09,46.04,3.1,10
LEIGH @ MERCER,233215,10,48.55,3.8,13.9
LEIGH @ MERCER,233215,11,20.55,2,22
LEIGH @ MERCER,233215,12,25.18,1.9,22.2
LEIGH @ MERCER,233215,01,22.45,1.9,20.1
LEIGH @ MERCER,233215,02,26.52,1.5,15.1
LEIGH @ MERCER,233215,03,18.55,2.6,15.2
LEIGH @ MERCER,233215,04,17.45,1.7,17
LEIGH @ MERCER,233215,05,19.85,5.7,11.4
LEIGH @ MERCER,233215,06,81.02,8.4,6.9
BARWON @ GEELONG,233217,07,171.71,10.7,9.2
BARWON @ GEELONG,233217,08,123.24,13.9,9.1
BARWON @ GEELONG,233217,09,229.96,13.7,11.8
BARWON @ GEELONG,233217,10,187.14,17.9,14.8
BARWON @ GEELONG,233217,11,50.64,5.6,20.8
BARWON @ GEELONG,233217,12,63.51,4.9,22.5
BARWON @ GEELONG,233217,01,43.06,10.8,22.7
BARWON @ GEELONG,233217,02,75.7,29.7,23.5
BARWON @ GEELONG,233217,03,46.75,8.9,21.8
BARWON @ GEELONG,233217,04,54.93,7,18.9
BARWON @ GEELONG,233217,05,26.89,10.6,16.3
BARWON @ GEELONG,233217,06,128.12,8.6,12.2
BARWON @ INVERLEIGH,233218,07,58.14,10.4,9
BARWON @ INVERLEIGH,233218,08,26.49,20.1,11.5
BARWON @ INVERLEIGH,233218,09,142.62,42.1,12.2
BARWON @ INVERLEIGH,233218,10,40.3,14.1,18.3
BARWON @ INVERLEIGH,233218,11,6.6,8.1,20
BARWON @ INVERLEIGH,233218,12,12.74,13.4,20.5
BARWON @ INVERLEIGH,233218,01,3.29,3,26.1
BARWON @ INVERLEIGH,233218,02,0,4.5,26.2
BARWON @ INVERLEIGH,233218,03,0,7.6,20.7
BARWON @ INVERLEIGH,233218,04,0,7.8,17.5
BARWON @ INVERLEIGH,233218,05,2.7,6.1,14.9
BARWON @ INVERLEIGH,233218,06,19.38,18,10
BARWON @ RICKETTS,233224,07,62.11,10.1,8.8
BARWON @ RICKETTS,233224,08,31.41,21.4,8.5
BARWON @ RICKETTS,233224,09,142.64,39.9,12.2
BARWON @ RICKETTS,233224,10,39.15,21.4,16.7
BARWON @ RICKETTS,233224,11,11.48,26.6,18.2
BARWON @ RICKETTS,233224,12,16.7,20.7,19.6
BARWON @ RICKETTS,233224,01,5.91,19.9,24
BARWON @ RICKETTS,233224,02,5.6,7.4,19.3
BARWON @ RICKETTS,233224,03,1.71,16.5,21.7
BARWON @ RICKETTS,233224,04,2.38,27.8,14.4
BARWON @ RICKETTS,233224,05,3.84,21.4,13.6
BARWON @ RICKETTS,233224,06,22.52,21.2,9.1
BOUNDARY @ YEODENE,233228,07,2.74,1.8,8.1
BOUNDARY @ YEODENE,233228,08,1.62,1.5,10
BOUNDARY @ YEODENE,233228,09,9.31,3.7,11.5
BOUNDARY @ YEODENE,233228,10,2.74,1.4,12.2
BOUNDARY @ YEODENE,233228,11,1.05,2,15.1
BOUNDARY @ YEODENE,233228,12,1.35,2.9,16
BOUNDARY @ YEODENE,233228,01,0.53,4.1,14.5
BOUNDARY @ YEODENE,233228,02,0.41,2.9,14.9
BOUNDARY @ YEODENE,233228,03,0.33,1.1,15
BOUNDARY @ YEODENE,233228,04,0.35,3.6,15
BOUNDARY @ YEODENE,233228,05,0.47,1.4,11.4
BOUNDARY @ YEODENE,233228,06,1.51,1.1,10.2
BARWON R @ KILDEAN,233247,07,58.6,10.6,7.8
BARWON R @ KILDEAN,233247,08,23.75,13.5,8.5
BARWON R @ KILDEAN,233247,09,138.37,38.4,12.1
BARWON R @ KILDEAN,233247,10,37.41,21.4,14.5
BARWON R @ KILDEAN,233247,11,6.93,23.1,17.1
BARWON R @ KILDEAN,233247,12,13.15,21.8,17.4
BARWON R @ KILDEAN,233247,01,4.24,14.1,21.6
BARWON R @ KILDEAN,233247,02,3.91,19,21.8
BARWON R @ KILDEAN,233247,03,0.76,18.5,16.7
BARWON R @ KILDEAN,233247,04,1.86,10.8,12.9
BARWON R @ KILDEAN,233247,05,2.83,25.9,14.6
BARWON R @ KILDEAN,233247,06,20.42,18.4,9
BARWON R U/S BARRAGE,233269,07,0,20.5,9.7
BARWON R U/S BARRAGE,233269,08,0,22.6,13.1
BARWON R U/S BARRAGE,233269,09,0,18.4,14
BARWON R U/S BARRAGE,233269,10,0,31,18.4
BARWON R U/S BARRAGE,233269,11,0,24.6,21
BARWON R U/S BARRAGE,233269,12,0,20,22.4
BARWON R U/S BARRAGE,233269,01,0,14.6,22.3
BARWON R U/S BARRAGE,233269,02,0,26.1,19.4
BARWON R U/S BARRAGE,233269,03,0,8.3,20.2
BARWON R U/S BARRAGE,233269,04,0,13.6,17.6
BARWON R U/S BARRAGE,233269,05,0,22.5,12.1
BARWON R U/S BARRAGE,233269,06,0,14.6,9.9
WOADY YALOAK@CRESSY,234201,07,6.89,5.7,10
WOADY YALOAK@CRESSY,234201,08,8.34,7.4,10.1
WOADY YALOAK@CRESSY,234201,09,8.48,6.3,13.4
WOADY YALOAK@CRESSY,234201,10,12.02,6.8,15.7
WOADY YALOAK@CRESSY,234201,11,2.76,7,17.3
WOADY YALOAK@CRESSY,234201,12,2.59,8.3,19.3
WOADY YALOAK@CRESSY,234201,01,0.16,6.5,26.6
WOADY YALOAK@CRESSY,234201,02,0.11,8.9,21.3
WOADY YALOAK@CRESSY,234201,03,0.28,7.3,22.3
WOADY YALOAK@CRESSY,234201,04,0.52,4.6,16.5
WOADY YALOAK@CRESSY,234201,05,0.71,6.3,14.3
WOADY YALOAK@CRESSY,234201,06,4.72,5.4,11
PIRRON YAL'K @HWY BR,234203,07,0.37,13.1,9.1
PIRRON YAL'K @HWY BR,234203,08,0.23,6.4,11.1
PIRRON YAL'K @HWY BR,234203,09,16.8,38.5,13.4
PIRRON YAL'K @HWY BR,234203,10,6.63,29.7,16.4
PIRRON YAL'K @HWY BR,234203,11,0.09,12.9,21.3
PIRRON YAL'K @HWY BR,234203,12,0.03,10.4,20.8
GELLIBRAND @ GELLI.,235202,07,97.54,14.8,9.8
GELLIBRAND @ GELLI.,235202,08,33.19,4.2,10.4
GELLIBRAND @ GELLI.,235202,09,138.26,3.9,9.1
GELLIBRAND @ GELLI.,235202,10,42.02,2.7,14
GELLIBRAND @ GELLI.,235202,11,12.65,4.1,12.9
GELLIBRAND @ GELLI.,235202,12,15.18,9.7,16.9
GELLIBRAND @ GELLI.,235202,01,8.64,3.3,17.6
GELLIBRAND @ GELLI.,235202,02,6.98,4.1,18.2
GELLIBRAND @ GELLI.,235202,03,3.82,3.5,14.1
GELLIBRAND @ GELLI.,235202,04,3.88,2.7,14.8
GELLIBRAND @ GELLI.,235202,05,4.55,2.2,6.6
GELLIBRAND @ GELLI.,235202,06,44.02,7.2,7.7
CURDIES @ CURDIE,235203,07,45.39,18.7,10.6
CURDIES @ CURDIE,235203,08,26.92,4.5,12.2
CURDIES @ CURDIE,235203,09,147.96,22.1,13.3
CURDIES @ CURDIE,235203,10,45.24,10.9,16
CURDIES @ CURDIE,235203,11,9.44,2.6,18.3
CURDIES @ CURDIE,235203,12,7.32,2.8,19.2
CURDIES @ CURDIE,235203,01,2.16,1.9,18.4
CURDIES @ CURDIE,235203,02,1.73,2.3,15.8
CURDIES @ CURDIE,235203,03,1.4,1.9,13.6
CURDIES @ CURDIE,235203,04,1.67,2.2,14.9
CURDIES @ CURDIE,235203,05,3.78,12.1,9.1
CURDIES @ CURDIE,235203,06,21.64,2.6,8.1
LITTLE AIRE @ BEECH,235204,07,59.71,36.7,11.5
LITTLE AIRE @ BEECH,235204,08,0,18.2,10.1
LITTLE AIRE @ BEECH,235204,09,0,22.1,9.1
LITTLE AIRE @ BEECH,235204,10,16.78,6.4,11.5
LITTLE AIRE @ BEECH,235204,11,7.51,11.2,14.5
LITTLE AIRE @ BEECH,235204,12,7.72,8.5,15.7
LITTLE AIRE @ BEECH,235204,01,3.24,10.1,12.2
LITTLE AIRE @ BEECH,235204,02,1.82,10.6,16.1
LITTLE AIRE @ BEECH,235204,03,1.62,6.5,14.3
LITTLE AIRE @ BEECH,235204,04,0,10.3,11.6
LITTLE AIRE @ BEECH,235204,05,0,10.2,5
LITTLE AIRE @ BEECH,235204,06,18.73,5.3,8.3
ARKINS @ WYELANGTA,235205,07,22.28,11,9.3
ARKINS @ WYELANGTA,235205,08,7.37,10.1,9.8
ARKINS @ WYELANGTA,235205,09,17.2,4.2,8.3
ARKINS @ WYELANGTA,235205,10,7.09,2.3,12.5
ARKINS @ WYELANGTA,235205,11,3.59,2.2,12.8
ARKINS @ WYELANGTA,235205,12,2.83,3.7,14.2
ARKINS @ WYELANGTA,235205,01,1.72,1.1,12.1
ARKINS @ WYELANGTA,235205,02,1.26,1.9,13.6
ARKINS @ WYELANGTA,235205,03,0.95,3.6,11.7
ARKINS @ WYELANGTA,235205,04,0.99,1.5,11.8
ARKINS @ WYELANGTA,235205,05,1.14,1.6,6.8
ARKINS @ WYELANGTA,235205,06,7.43,2.5,7
AIRE @ BEECH FOREST,235209,07,116.76,10.9,10
AIRE @ BEECH FOREST,235209,08,32.6,10.9,10.1
AIRE @ BEECH FOREST,235209,09,87.26,4.4,9.1
AIRE @ BEECH FOREST,235209,10,31.32,5,12.6
AIRE @ BEECH FOREST,235209,11,16.5,28.8,13.4
AIRE @ BEECH FOREST,235209,12,17.57,3.1,15.5
AIRE @ BEECH FOREST,235209,01,6.12,5.4,12.7
AIRE @ BEECH FOREST,235209,02,4.69,4.1,13.6
AIRE @ BEECH FOREST,235209,03,4,3.3,11.4
AIRE @ BEECH FOREST,235209,04,4.13,3.5,12.3
AIRE @ BEECH FOREST,235209,05,5.58,2.5,5.9
AIRE @ BEECH FOREST,235209,06,35.82,6.7,7.2
KENNEDYS @ KENNEDYS,235211,07,41.86,36.7,11.5
KENNEDYS @ KENNEDYS,235211,08,25.03,30.7,10.4
KENNEDYS @ KENNEDYS,235211,09,93,17.8,9.1
KENNEDYS @ KENNEDYS,235211,10,29.19,48.8,15.6
KENNEDYS @ KENNEDYS,235211,11,5.01,18.8,18.4
KENNEDYS @ KENNEDYS,235211,12,7.99,3.2,20.4
KENNEDYS @ KENNEDYS,235211,01,1.99,21.2,18.6
KENNEDYS @ KENNEDYS,235211,02,2.37,19.8,19
KENNEDYS @ KENNEDYS,235211,03,2.16,14.7,16
KENNEDYS @ KENNEDYS,235211,04,2.56,14.6,13.6
KENNEDYS @ KENNEDYS,235211,05,2.73,11.5,9.8
KENNEDYS @ KENNEDYS,235211,06,18.79,8,9
CUMBERLAND @ LORNE,235216,07,79.69,1.1,8.4
CUMBERLAND @ LORNE,235216,08,22.71,1.5,8.4
CUMBERLAND @ LORNE,235216,09,79.72,3.1,10.3
CUMBERLAND @ LORNE,235216,10,24.66,2.3,10.5
CUMBERLAND @ LORNE,235216,11,26.16,2.8,13.5
CUMBERLAND @ LORNE,235216,12,25.59,1.9,15.3
CUMBERLAND @ LORNE,235216,01,7.75,2.3,16.9
CUMBERLAND @ LORNE,235216,02,15.24,1.9,19.8
CUMBERLAND @ LORNE,235216,03,6.47,1.3,18.2
CUMBERLAND @ LORNE,235216,04,5.93,1,12.6
CUMBERLAND @ LORNE,235216,05,7.35,0.8,9.6
CUMBERLAND @ LORNE,235216,06,33.61,9.9,8.1
ANGLESEA @ ANGLESEA,235222,08,0,0,11.9
ANGLESEA @ ANGLESEA,235222,09,0,0,13.8
ANGLESEA @ ANGLESEA,235222,10,0,0,14.5
ANGLESEA @ ANGLESEA,235222,11,0,0,20.2
ANGLESEA @ ANGLESEA,235222,12,0,0,18.2
ANGLESEA @ ANGLESEA,235222,06,0.33,0,9.2
GELLIBRAND @ BURRUPA,235224,07,588.52,36.2,10.9
GELLIBRAND @ BURRUPA,235224,08,266.48,23.3,12
GELLIBRAND @ BURRUPA,235224,09,849.36,11.7,10.9
GELLIBRAND @ BURRUPA,235224,10,327.72,26.9,16.1
GELLIBRAND @ BURRUPA,235224,11,143.57,12.3,18.3
GELLIBRAND @ BURRUPA,235224,12,0,12.8,19.3
GELLIBRAND @ BURRUPA,235224,01,0,10.5,18.3
GELLIBRAND @ BURRUPA,235224,02,0,22.5,18.3
GELLIBRAND @ BURRUPA,235224,03,0,11,15.6
GELLIBRAND @ BURRUPA,235224,04,0,11.9,13.9
GELLIBRAND @ BURRUPA,235224,05,0,12.3,8.6
GELLIBRAND @ BURRUPA,235224,06,310.08,15.3,8.9
GELLIBRAND @ BUNKERS,235227,07,254.33,13.7,9.4
GELLIBRAND @ BUNKERS,235227,08,107.88,6.4,8.9
GELLIBRAND @ BUNKERS,235227,09,370.07,9.2,9.5
GELLIBRAND @ BUNKERS,235227,10,146.67,13.4,13.9
GELLIBRAND @ BUNKERS,235227,11,62.25,6.8,14.3
GELLIBRAND @ BUNKERS,235227,12,68.85,7.9,15
GELLIBRAND @ BUNKERS,235227,01,31.87,5.8,18.9
GELLIBRAND @ BUNKERS,235227,02,28.07,6.2,18.3
GELLIBRAND @ BUNKERS,235227,03,21.78,6.6,13.7
GELLIBRAND @ BUNKERS,235227,04,23,5.8,15
GELLIBRAND @ BUNKERS,235227,05,28.32,4.5,10.7
GELLIBRAND @ BUNKERS,235227,06,114.89,6.6,7.6
LOVE @ GELLIBRAND,235234,07,10.38,11.2,8.8
LOVE @ GELLIBRAND,235234,08,6.64,8.5,9.1
LOVE @ GELLIBRAND,235234,09,29.28,12.6,9.4
LOVE @ GELLIBRAND,235234,10,8.02,18.8,14
LOVE @ GELLIBRAND,235234,11,3.02,11.3,14.2
LOVE @ GELLIBRAND,235234,12,4.51,13,15
LOVE @ GELLIBRAND,235234,01,1.12,7.2,20.1
LOVE @ GELLIBRAND,235234,02,1.34,4.9,20.3
LOVE @ GELLIBRAND,235234,03,1.31,9.2,12.4
LOVE @ GELLIBRAND,235234,04,1.1,7.3,15.6
LOVE @ GELLIBRAND,235234,05,1.26,5.8,9.6
LOVE @ GELLIBRAND,235234,06,4.33,8.4,7.9
SCOTTS @ CURDIE,235237,07,12.23,25.9,10.8
SCOTTS @ CURDIE,235237,08,8.94,4.7,12.4
SCOTTS @ CURDIE,235237,09,82.11,29.9,13.5
SCOTTS @ CURDIE,235237,10,19.25,20.3,17.4
SCOTTS @ CURDIE,235237,11,0.98,6.1,17.6
SCOTTS @ CURDIE,235237,12,0.45,6.2,18.8
SCOTTS @ CURDIE,235237,01,0,4.2,19
SCOTTS @ CURDIE,235237,02,0,3.1,16.9
SCOTTS @ CURDIE,235237,03,0,7,13.8
SCOTTS @ CURDIE,235237,04,0,7.5,14.6
SCOTTS @ CURDIE,235237,05,0,25.2,9
SCOTTS @ CURDIE,235237,06,0.76,2.2,8.1
ANGLESEA RIVER (MARSHY CREEK) @ ALCOA,235260,08,0,0,14.7
ANGLESEA RIVER (MARSHY CREEK) @ ALCOA,235260,09,0.25,0,15.3
ANGLESEA RIVER (MARSHY CREEK) @ ALCOA,235260,10,0.04,0,12.2
ANGLESEA RIVER (MARSHY CREEK) @ ALCOA,235260,11,0,0,14.7
ANGLESEA RIVER (MARSHY CREEK) @ ALCOA,235260,12,0,0,11.9
ANGLESEA RIVER (MARSHY CREEK) @ ALCOA,235260,01,0,0,13.3
UPPER ANGLESEA RIVER (V-NOTCH) @ AARC,235270,06,0,0,9.8
BREAKFAST CREEK @ BRIDGE ON BREAKFAST CREEK ROAD,235273,07,0.11,0,7.5
BREAKFAST CREEK @ BRIDGE ON BREAKFAST CREEK ROAD,235273,08,0.05,0,11.1
BREAKFAST CREEK @ BRIDGE ON BREAKFAST CREEK ROAD,235273,09,0.08,0,10.9
BREAKFAST CREEK @ BRIDGE ON BREAKFAST CREEK ROAD,235273,10,0.05,0,10.2
BREAKFAST CREEK @ BRIDGE ON BREAKFAST CREEK ROAD,235273,12,0.01,0,14
BREAKFAST CREEK TRIBUTARY @ V-NOTCH,235274,07,0.6,0,7.4
BREAKFAST CREEK TRIBUTARY @ V-NOTCH,235274,08,0.36,0,11.4
BREAKFAST CREEK TRIBUTARY @ V-NOTCH,235274,09,1.44,0,10.5
BREAKFAST CREEK TRIBUTARY @ V-NOTCH,235274,10,0,0,9.6
BREAKFAST CREEK TRIBUTARY @ V-NOTCH,235274,11,0,0,12.2
BREAKFAST CREEK TRIBUTARY @ V-NOTCH,235274,12,0,0,12.4
BREAKFAST CREEK TRIBUTARY @ V-NOTCH,235274,01,0,0,18.5
BREAKFAST CREEK TRIBUTARY @ V-NOTCH,235274,06,0.02,0,11.8
SALT CREEK @ DENHAMS TRACK,235276,07,2.54,0,10.2
SALT CREEK @ DENHAMS TRACK,235276,08,1.46,0,7.3
SALT CREEK @ DENHAMS TRACK,235276,09,2.42,0,10.4
SALT CREEK @ DENHAMS TRACK,235276,10,1.05,0,9.5
SALT CREEK @ DENHAMS TRACK,235276,11,0.27,0,12.5
SALT CREEK @ DENHAMS TRACK,235276,12,0.79,0,12.6
SALT CREEK @ DENHAMS TRACK,235276,06,1.61,0,8.2
MERRI @ WOODFORD,236205,07,52.49,1.2,10.1
MERRI @ WOODFORD,236205,08,37.18,2.7,9.7
MERRI @ WOODFORD,236205,09,40.03,2.3,13.7
MERRI @ WOODFORD,236205,10,34.64,1.1,16
MERRI @ WOODFORD,236205,11,17.95,1.8,17.5
MERRI @ WOODFORD,236205,12,18.68,2.2,20.1
MERRI @ WOODFORD,236205,01,10.52,1.7,19.1
MERRI @ WOODFORD,236205,02,10.98,0.9,22.4
MERRI @ WOODFORD,236205,03,11.8,2.3,18.8
MERRI @ WOODFORD,236205,04,11.94,1.1,17.7
MERRI @ WOODFORD,236205,05,15.61,1,15.5
MERRI @ WOODFORD,236205,06,34.58,1.3,11.7
HOPKINS @ HOPKINS F.,236209,07,103.99,23,10.2
HOPKINS @ HOPKINS F.,236209,08,89.94,5.4,11.3
HOPKINS @ HOPKINS F.,236209,09,97.24,9.9,12.9
HOPKINS @ HOPKINS F.,236209,10,77.69,3.2,17
HOPKINS @ HOPKINS F.,236209,11,39.88,6.2,20.8
HOPKINS @ HOPKINS F.,236209,12,31.67,3.6,25.8
HOPKINS @ HOPKINS F.,236209,01,9.09,4.1,23.5
HOPKINS @ HOPKINS F.,236209,02,6.59,11,22.6
HOPKINS @ HOPKINS F.,236209,03,6.71,9.7,24.4
HOPKINS @ HOPKINS F.,236209,04,8.21,9.8,18.6
HOPKINS @ HOPKINS F.,236209,05,10.93,7.8,16.3
HOPKINS @ HOPKINS F.,236209,06,66.54,5.1,12.1
BURRUMBEET @ LAKE,236215,07,29.8,35.8,8.2
BURRUMBEET @ LAKE,236215,08,0,34.1,10.8
BURRUMBEET @ LAKE,236215,09,0,14.1,11
BURRUMBEET @ LAKE,236215,10,16.04,23.6,15.3
BURRUMBEET @ LAKE,236215,11,5.08,12.1,15.7
BURRUMBEET @ LAKE,236215,12,5.11,22.1,22.6
BURRUMBEET @ LAKE,236215,01,3.93,29.2,21.1
BURRUMBEET @ LAKE,236215,02,3.18,19.4,15.7
BURRUMBEET @ LAKE,236215,03,2.88,8.1,17.1
BURRUMBEET @ LAKE,236215,04,3.91,31.2,16.8
BURRUMBEET @ LAKE,236215,05,4.48,9.7,7.7
BURRUMBEET @ LAKE,236215,06,19.57,32.9,7.5
MOUNT EMU @ TAROON,236216,07,38.51,4,7.5
MOUNT EMU @ TAROON,236216,08,36.86,6.9,8.7
MOUNT EMU @ TAROON,236216,09,38.65,9.9,10.6
MOUNT EMU @ TAROON,236216,10,29.88,3.7,15.3
MOUNT EMU @ TAROON,236216,11,12.71,4.7,20.3
MOUNT EMU @ TAROON,236216,12,12.69,4.7,20.4
MOUNT EMU @ TAROON,236216,01,1.15,3,19.2
MOUNT EMU @ TAROON,236216,02,0,17.5,19.6
MOUNT EMU @ TAROON,236216,03,0,142,16.5
MOUNT EMU @ TAROON,236216,06,30.47,6.9,10.5
MOYNE @ TOOLONG,237200,07,29.05,1.8,9.4
MOYNE @ TOOLONG,237200,08,15.84,2.2,8.8
MOYNE @ TOOLONG,237200,09,27.16,2.4,12.3
MOYNE @ TOOLONG,237200,10,17.69,2.8,14.5
MOYNE @ TOOLONG,237200,11,5.38,3.5,17.9
MOYNE @ TOOLONG,237200,12,6.77,4.2,20.4
MOYNE @ TOOLONG,237200,01,1.89,2,19.1
MOYNE @ TOOLONG,237200,02,1.66,1.3,23.2
MOYNE @ TOOLONG,237200,03,2.51,3.3,18.9
MOYNE @ TOOLONG,237200,04,3.41,3.2,17.3
MOYNE @ TOOLONG,237200,05,5.44,1.1,14.7
MOYNE @ TOOLONG,237200,06,16.45,1,11.4
DARLOT @ HOMERTON,237205,07,47.59,1.1,9.8
DARLOT @ HOMERTON,237205,08,58.94,0.9,11.6
DARLOT @ HOMERTON,237205,09,72.09,1.4,13.6
DARLOT @ HOMERTON,237205,10,72.13,0.9,14.9
DARLOT @ HOMERTON,237205,11,62.05,2.6,15.1
DARLOT @ HOMERTON,237205,12,50.14,2.4,16.8
DARLOT @ HOMERTON,237205,01,41.47,3.4,22
DARLOT @ HOMERTON,237205,02,34.71,0.6,18
DARLOT @ HOMERTON,237205,03,29.34,1.6,22
DARLOT @ HOMERTON,237205,04,25.57,0.9,14.9
DARLOT @ HOMERTON,237205,05,25.54,2.1,12.9
DARLOT @ HOMERTON,237205,06,32.65,1.2,10.4
SURRY @ HEATHMERE,237207,07,4.13,1.2,13.1
SURRY @ HEATHMERE,237207,08,5.43,0.9,12.1
SURRY @ HEATHMERE,237207,09,42.13,4.7,11.2
SURRY @ HEATHMERE,237207,10,22.54,2.6,14.5
SURRY @ HEATHMERE,237207,11,3.66,1.6,15.1
SURRY @ HEATHMERE,237207,12,14.71,1.4,17.2
SURRY @ HEATHMERE,237207,01,1.8,1.7,17.4
SURRY @ HEATHMERE,237207,02,1.61,1.2,17.3
SURRY @ HEATHMERE,237207,03,1.64,1.1,17.5
SURRY @ HEATHMERE,237207,04,1.74,1,15.2
SURRY @ HEATHMERE,237207,05,1.82,1.2,13.9
SURRY @ HEATHMERE,237207,06,5.27,2.4,11.6
GLENELG @ SANDFORD,238202,07,152.51,8.6,9.4
GLENELG @ SANDFORD,238202,08,148.14,19.5,12.9
GLENELG @ SANDFORD,238202,09,191.7,16.1,11.7
GLENELG @ SANDFORD,238202,10,177.27,23.2,15.3
GLENELG @ SANDFORD,238202,11,40.99,39.7,18.9
GLENELG @ SANDFORD,238202,12,116.11,21.9,20.9
GLENELG @ SANDFORD,238202,01,23.8,10.1,23.9
GLENELG @ SANDFORD,238202,02,12.19,8.5,17.3
GLENELG @ SANDFORD,238202,03,38.31,28.8,18.5
GLENELG @ SANDFORD,238202,04,35.52,13.8,17.6
GLENELG @ SANDFORD,238202,05,47.8,12.1,8.8
GLENELG @ SANDFORD,238202,06,80.11,14.2,8.9
WANNON @ DUNKELD,238204,08,0.21,5.1,6.8
WANNON @ DUNKELD,238204,09,0.37,4.7,10.8
WANNON @ DUNKELD,238204,10,0.28,5.4,14.6
WANNON @ DUNKELD,238204,11,0.01,10.8,15.4
WANNON @ DUNKELD,238204,12,0,16.5,19.2
GLENELG @ ROCKLANDS,238205,07,0.03,5.3,7.8
GLENELG @ ROCKLANDS,238205,08,2.45,4.1,7.1
GLENELG @ ROCKLANDS,238205,09,13.83,5.2,11.3
GLENELG @ ROCKLANDS,238205,10,0,5,14.7
GLENELG @ ROCKLANDS,238205,11,40.47,4.8,17.8
GLENELG @ ROCKLANDS,238205,12,17.5,6.1,18.6
GLENELG @ ROCKLANDS,238205,01,16.01,4.1,20.3
GLENELG @ ROCKLANDS,238205,02,32.72,5.2,23
GLENELG @ ROCKLANDS,238205,03,15.99,8.7,14.6
GLENELG @ ROCKLANDS,238205,04,21.41,7.3,18.1
GLENELG @ ROCKLANDS,238205,05,6.59,8.2,16.1
GLENELG @ ROCKLANDS,238205,06,2.05,4.9,10.3
GLENELG R DARTMOOR,238206,07,186.72,6.8,8.1
GLENELG R DARTMOOR,238206,08,196.33,9.1,10.5
GLENELG R DARTMOOR,238206,09,279.73,10.1,12.7
GLENELG R DARTMOOR,238206,10,286.23,15.5,14.4
GLENELG R DARTMOOR,238206,11,85.89,22.1,16.4
GLENELG R DARTMOOR,238206,12,150.84,24.5,20
GLENELG R DARTMOOR,238206,01,45.66,5.8,23
GLENELG R DARTMOOR,238206,02,30.68,5.1,22.2
GLENELG R DARTMOOR,238206,03,51.21,23.6,21.7
GLENELG R DARTMOOR,238206,04,55.4,10.1,15
GLENELG R DARTMOOR,238206,05,71.02,10.1,12.1
GLENELG R DARTMOOR,238206,06,98.44,12.4,9.6
JIMMY @ JIMMY,238208,07,1.91,1.5,13.5
JIMMY @ JIMMY,238208,08,1.84,2.2,12.6
JIMMY @ JIMMY,238208,09,2.14,2.8,13.9
JIMMY @ JIMMY,238208,10,1.57,3,14.8
JIMMY @ JIMMY,238208,11,1.12,2.5,17.9
JIMMY @ JIMMY,238208,12,1.1,2.3,20.2
JIMMY @ JIMMY,238208,01,1.47,1.7,19.7
JIMMY @ JIMMY,238208,02,1.18,2.1,21
JIMMY @ JIMMY,238208,03,1.18,1.7,19.1
JIMMY @ JIMMY,238208,04,1.18,2.9,17.5
JIMMY @ JIMMY,238208,05,1.18,2.9,18
JIMMY @ JIMMY,238208,06,1.62,2.3,15.2
GLENELG @ CASTERTON,238212,07,0,10.3,9.4
GLENELG @ CASTERTON,238212,08,0,23.3,13.1
GLENELG @ CASTERTON,238212,09,0,15.4,12
GLENELG @ CASTERTON,238212,10,0,18.8,15.6
GLENELG @ CASTERTON,238212,11,0,17.9,18.8
GLENELG @ CASTERTON,238212,12,0,25.4,19.5
GLENELG @ CASTERTON,238212,01,0,14.1,23.6
GLENELG @ CASTERTON,238212,02,0,14.3,17.6
GLENELG @ CASTERTON,238212,03,0,26.9,17.9
GLENELG @ CASTERTON,238212,04,0,20.9,17.3
GLENELG @ CASTERTON,238212,05,0,15,10.5
GLENELG @ CASTERTON,238212,06,0,17.1,9.1
WANDO @ WANDO VALE,238223,07,9.28,6.2,8.4
WANDO @ WANDO VALE,238223,08,7.73,10.4,12.1
WANDO @ WANDO VALE,238223,09,0,6.3,10.5
WANDO @ WANDO VALE,238223,10,14.73,9.4,13
WANDO @ WANDO VALE,238223,11,1.95,8.4,14.8
WANDO @ WANDO VALE,238223,12,3.56,12.6,16.2
WANDO @ WANDO VALE,238223,01,0,6.7,22.6
WANDO @ WANDO VALE,238223,02,0,12.5,15.2
WANDO @ WANDO VALE,238223,03,0,9.7,15
WANDO @ WANDO VALE,238223,04,0,47.9,15.4
WANDO @ WANDO VALE,238223,05,0,26.7,9.5
WANDO @ WANDO VALE,238223,06,0,3.8,8.2
GLENELG R FULHAM BR,238224,07,15.24,16.1,9.3
GLENELG R FULHAM BR,238224,08,19.14,15.1,13
GLENELG R FULHAM BR,238224,09,32.18,9.9,12.8
GLENELG R FULHAM BR,238224,10,24.05,9.1,17.9
GLENELG R FULHAM BR,238224,11,46.38,7.9,22.2
GLENELG R FULHAM BR,238224,12,73.16,20.3,23
GLENELG R FULHAM BR,238224,01,40.57,10.6,21.7
GLENELG R FULHAM BR,238224,02,59.32,9.8,20.9
GLENELG R FULHAM BR,238224,03,47.71,12.4,18.8
GLENELG R FULHAM BR,238224,04,46.51,9.2,16.8
GLENELG R FULHAM BR,238224,05,43.91,8.9,8.9
GLENELG R FULHAM BR,238224,06,19.1,7.5,9
WANNON @ HENTY,238228,07,85.33,9.7,9.8
WANNON @ HENTY,238228,08,84.15,28.9,12.7
WANNON @ HENTY,238228,09,103.85,27.8,12.1
WANNON @ HENTY,238228,10,85.67,42.4,15.3
WANNON @ HENTY,238228,11,19.35,29,17.3
WANNON @ HENTY,238228,12,23.99,18.9,19.6
WANNON @ HENTY,238228,01,2.26,9.1,23.3
WANNON @ HENTY,238228,02,0.84,12.6,15.7
WANNON @ HENTY,238228,03,1.61,20.6,14.9
WANNON @ HENTY,238228,04,4.67,16.1,16.4
WANNON @ HENTY,238228,05,8.1,31.8,7
WANNON @ HENTY,238228,06,33.05,21.4,9.3
GLENELG @ BIG CORD,238231,07,16.59,1.6,6.6
GLENELG @ BIG CORD,238231,08,14.76,1.4,5.2
GLENELG @ BIG CORD,238231,09,32.83,5.1,9.2
GLENELG @ BIG CORD,238231,10,21.17,1.9,10.1
GLENELG @ BIG CORD,238231,11,4.99,2.3,12.9
GLENELG @ BIG CORD,238231,12,2.7,3.6,16.2
GLENELG @ BIG CORD,238231,01,0.32,6.2,15.1
GLENELG @ BIG CORD,238231,03,1.67,10.3,14.3
GLENELG @ BIG CORD,238231,04,1.92,6.3,12.8
GLENELG @ BIG CORD,238231,05,2.02,4.4,15.1
GLENELG @ BIG CORD,238231,06,11.04,2.7,9.9
MURRAY @ JINGELLIC,401201,07,7009.54,32.9,8.6
MURRAY @ JINGELLIC,401201,08,5986.11,15.4,11.9
MURRAY @ JINGELLIC,401201,09,4486.28,9.1,14.8
MURRAY @ JINGELLIC,401201,10,4848.41,17.5,17.9
MURRAY @ JINGELLIC,401201,11,4643.16,5.8,20.2
MURRAY @ JINGELLIC,401201,12,5355.53,22,24.6
MURRAY @ JINGELLIC,401201,01,3085.05,9.3,25.9
MURRAY @ JINGELLIC,401201,02,3334.26,13.4,25.6
MURRAY @ JINGELLIC,401201,03,2966.37,5.1,24
MURRAY @ JINGELLIC,401201,04,2544.02,3.8,17.8
MURRAY @ JINGELLIC,401201,05,4448.07,6,12.9
MURRAY @ JINGELLIC,401201,06,5054.44,10.2,8.8
MITTA @ HINNOMUNJIE,401203,07,946.4,3.9,6.6
MITTA @ HINNOMUNJIE,401203,08,1270.95,1.8,5.6
MITTA @ HINNOMUNJIE,401203,09,1410.58,2.4,9.9
MITTA @ HINNOMUNJIE,401203,10,1119.93,3.2,11.7
MITTA @ HINNOMUNJIE,401203,11,950.57,1.3,18.1
MITTA @ HINNOMUNJIE,401203,12,1429.16,1.8,15.5
MITTA @ HINNOMUNJIE,401203,01,468.66,4.3,21.5
MITTA @ HINNOMUNJIE,401203,02,0,5.6,22.6
MITTA @ HINNOMUNJIE,401203,03,0,3,22.8
MITTA @ HINNOMUNJIE,401203,04,247.98,1.3,15.6
MITTA @ HINNOMUNJIE,401203,05,273.16,1.4,11.5
MITTA @ HINNOMUNJIE,401203,06,738.07,83.3,6.3
MITTA @ TALLANDOON,401204,07,1199.43,7.4,9.8
MITTA @ TALLANDOON,401204,08,1510.51,8,12
MITTA @ TALLANDOON,401204,09,3297.78,3.8,12.8
MITTA @ TALLANDOON,401204,10,6044.78,3.8,13.3
MITTA @ TALLANDOON,401204,11,7550.06,3.1,14.5
MITTA @ TALLANDOON,401204,12,2610.6,10.9,20.5
MITTA @ TALLANDOON,401204,01,1787.15,6,22
MITTA @ TALLANDOON,401204,02,3636.87,3.4,17.7
MITTA @ TALLANDOON,401204,03,5587.62,2.4,15.6
MITTA @ TALLANDOON,401204,04,6439.27,2.2,12.9
MITTA @ TALLANDOON,401204,05,7310.79,3.3,11.7
MITTA @ TALLANDOON,401204,06,7964.2,3.5,11.1
MITTA @ COLEMANS,401211,07,731.03,1.5,8.9
MITTA @ COLEMANS,401211,08,1149.94,1.2,9.5
MITTA @ COLEMANS,401211,09,3026.13,1.5,10
MITTA @ COLEMANS,401211,10,5741,2,10.8
MITTA @ COLEMANS,401211,11,7077.83,1.3,10.9
MITTA @ COLEMANS,401211,12,1849.83,2.2,12.1
MITTA @ COLEMANS,401211,01,1584.16,0.9,11.4
MITTA @ COLEMANS,401211,02,3513.36,0.8,12.3
MITTA @ COLEMANS,401211,03,5452.61,1.3,12.5
MITTA @ COLEMANS,401211,04,6295.75,3.3,10.7
MITTA @ COLEMANS,401211,05,7258.07,1,11.2
MITTA @ COLEMANS,401211,06,7718.67,2.6,11
NARIEL @UPPER NARIEL,401212,07,225.49,2.4,5.8
NARIEL @UPPER NARIEL,401212,08,247.37,1.1,6.7
NARIEL @UPPER NARIEL,401212,09,260.7,3,9.6
NARIEL @UPPER NARIEL,401212,10,302.6,2.3,12.7
NARIEL @UPPER NARIEL,401212,11,270.32,2.8,14.4
NARIEL @UPPER NARIEL,401212,12,530.82,2,13.6
NARIEL @UPPER NARIEL,401212,01,169.42,1.2,19.6
NARIEL @UPPER NARIEL,401212,02,105.94,1.2,19.6
NARIEL @UPPER NARIEL,401212,03,83.72,0.7,18.3
NARIEL @UPPER NARIEL,401212,04,65.94,1.1,11.7
NARIEL @UPPER NARIEL,401212,05,72.95,1,7.5
NARIEL @UPPER NARIEL,401212,06,148.65,2.4,4.3
MORASS CK @ UPLANDS,401215,07,36.62,33.7,6.9
MORASS CK @ UPLANDS,401215,08,38.23,27.2,6.2
MORASS CK @ UPLANDS,401215,09,40.6,22.4,13
MORASS CK @ UPLANDS,401215,10,29.6,19.5,13.3
MORASS CK @ UPLANDS,401215,11,22.16,20.7,21.6
MORASS CK @ UPLANDS,401215,12,47.23,24,19.1
MORASS CK @ UPLANDS,401215,01,7.9,21.2,26.3
MORASS CK @ UPLANDS,401215,02,0,12,22.6
MORASS CK @ UPLANDS,401215,03,0,28.5,24.6
MORASS CK @ UPLANDS,401215,04,0,24.4,16.6
MORASS CK @ UPLANDS,401215,05,4.14,27.7,13.9
MORASS CK @ UPLANDS,401215,06,25.02,36.5,6.2
BIG R @ JOKERS CREEK,401216,07,441,2.7,6.2
BIG R @ JOKERS CREEK,401216,08,626.52,1.1,3.2
BIG R @ JOKERS CREEK,401216,09,728.5,1.3,6
BIG R @ JOKERS CREEK,401216,10,586.16,1.6,6.5
BIG R @ JOKERS CREEK,401216,11,488.63,2.3,14
BIG R @ JOKERS CREEK,401216,12,789.12,2.1,12.6
BIG R @ JOKERS CREEK,401216,01,246.82,1.8,18.2
BIG R @ JOKERS CREEK,401216,02,135.29,2,17.8
BIG R @ JOKERS CREEK,401216,03,148.08,6.7,16.6
BIG R @ JOKERS CREEK,401216,04,112.52,1.1,10.4
BIG R @ JOKERS CREEK,401216,05,125.56,1.4,10.4
BIG R @ JOKERS CREEK,401216,06,292.87,2.4,3.2
VICTORIA @ V. FALLS,401226,07,89.73,4.3,2.7
VICTORIA @ V. FALLS,401226,08,84.84,4.5,2.6
VICTORIA @ V. FALLS,401226,09,92.75,7,9.9
VICTORIA @ V. FALLS,401226,10,65.34,8.3,12.1
VICTORIA @ V. FALLS,401226,11,54.13,5.6,16.6
VICTORIA @ V. FALLS,401226,12,57.57,6.8,16.2
VICTORIA @ V. FALLS,401226,01,34.52,26.6,17
VICTORIA @ V. FALLS,401226,02,17.89,6.1,18.1
VICTORIA @ V. FALLS,401226,03,21.24,6.4,20.5
VICTORIA @ V. FALLS,401226,04,29.88,2.8,12.6
VICTORIA @ V. FALLS,401226,05,31.96,2.8,7.6
VICTORIA @ V. FALLS,401226,06,85.32,39.6,5.7
CUDGEWA @CUDGEWA NTH,401229,07,234.67,16.7,8.7
CUDGEWA @CUDGEWA NTH,401229,08,226.12,17.9,13.3
CUDGEWA @CUDGEWA NTH,401229,09,197.79,10.8,14.5
CUDGEWA @CUDGEWA NTH,401229,10,193.81,10.1,20.8
CUDGEWA @CUDGEWA NTH,401229,11,139.61,9.7,21
CUDGEWA @CUDGEWA NTH,401229,12,262.53,18.9,22.3
CUDGEWA @CUDGEWA NTH,401229,01,59.67,15.5,27.8
CUDGEWA @CUDGEWA NTH,401229,02,60.56,10.6,26.7
CUDGEWA @CUDGEWA NTH,401229,03,46.02,12.6,25.6
CUDGEWA @CUDGEWA NTH,401229,04,42.27,10,20
CUDGEWA @CUDGEWA NTH,401229,05,59.87,9.9,14.5
CUDGEWA @CUDGEWA NTH,401229,06,163.11,24,9.2
CORRYONG @ TOWONG,401230,07,354.38,10.8,8.3
CORRYONG @ TOWONG,401230,08,366.73,8.4,12.7
CORRYONG @ TOWONG,401230,09,357.45,8.9,14.3
CORRYONG @ TOWONG,401230,10,406.65,10.3,20
CORRYONG @ TOWONG,401230,11,296.05,11,20.9
CORRYONG @ TOWONG,401230,12,626.88,8.6,21.4
CORRYONG @ TOWONG,401230,01,165.13,9.3,27.5
CORRYONG @ TOWONG,401230,02,118.23,11.6,27.4
CORRYONG @ TOWONG,401230,03,90.5,16.8,26.3
CORRYONG @ TOWONG,401230,04,82.02,5,20.5
CORRYONG @ TOWONG,401230,05,92.98,10.3,14.6
CORRYONG @ TOWONG,401230,06,222.79,12.2,9.4
KIEWA @ BANDIANA,402205,07,1138.02,4.7,6.6
KIEWA @ BANDIANA,402205,08,1344.81,6.8,7.6
KIEWA @ BANDIANA,402205,09,1371.36,6.7,11
KIEWA @ BANDIANA,402205,10,1431.99,10.2,15.8
KIEWA @ BANDIANA,402205,11,1022.43,7,19.7
KIEWA @ BANDIANA,402205,12,1702.66,18.8,21
KIEWA @ BANDIANA,402205,01,544.41,9.8,24
KIEWA @ BANDIANA,402205,02,324.56,6.1,26.8
KIEWA @ BANDIANA,402205,03,308.59,8.3,25
KIEWA @ BANDIANA,402205,04,261.74,4.1,19.2
KIEWA @ BANDIANA,402205,05,273.11,3.7,13.6
KIEWA @ BANDIANA,402205,06,758.94,3.3,7.8
OVENS @ BRIGHT,403205,07,323.46,1.2,6.2
OVENS @ BRIGHT,403205,08,367.13,5.3,7.2
OVENS @ BRIGHT,403205,09,404.35,2.6,9.4
OVENS @ BRIGHT,403205,10,437.29,3.6,12
OVENS @ BRIGHT,403205,11,350.21,2,16.9
OVENS @ BRIGHT,403205,12,693.07,3.8,14.7
OVENS @ BRIGHT,403205,01,169.71,2.2,22.1
OVENS @ BRIGHT,403205,02,82.41,1.9,22.7
OVENS @ BRIGHT,403205,03,82.03,3.4,21.9
OVENS @ BRIGHT,403205,04,66.19,1.2,15.6
OVENS @ BRIGHT,403205,05,68.24,2.5,11.1
OVENS @ BRIGHT,403205,06,210.76,5.3,8.8
OVENS @ MYRTLEFORD,403210,07,894.38,1.4,8.5
OVENS @ MYRTLEFORD,403210,08,914.9,1.4,10.6
OVENS @ MYRTLEFORD,403210,09,954.58,1.4,12
OVENS @ MYRTLEFORD,403210,10,1030.58,2.4,14.3
OVENS @ MYRTLEFORD,403210,11,833.34,11.3,16.1
OVENS @ MYRTLEFORD,403210,12,1554.56,2.7,20.2
OVENS @ MYRTLEFORD,403210,01,331.51,2,23.3
OVENS @ MYRTLEFORD,403210,02,139.41,1.5,23.6
OVENS @ MYRTLEFORD,403210,03,167.44,1.4,19.3
OVENS @ MYRTLEFORD,403210,04,129.47,1.1,16.2
OVENS @ MYRTLEFORD,403210,05,134.1,1.6,11.1
OVENS @ MYRTLEFORD,403210,06,562.65,1.6,8.5
ROSE RV @ MATONG NTH,403217,07,86.09,4,6
ROSE RV @ MATONG NTH,403217,08,80.57,2.1,8.2
ROSE RV @ MATONG NTH,403217,09,77.97,2.3,10.1
ROSE RV @ MATONG NTH,403217,10,75.61,1.7,15.8
ROSE RV @ MATONG NTH,403217,11,0,2.5,18.3
ROSE RV @ MATONG NTH,403217,12,279.54,2.8,18.9
ROSE RV @ MATONG NTH,403217,01,17.22,1.4,20.2
ROSE RV @ MATONG NTH,403217,02,2.58,1.8,20.2
ROSE RV @ MATONG NTH,403217,03,3.01,2,15.4
ROSE RV @ MATONG NTH,403217,04,1.56,1.5,13.5
ROSE RV @ MATONG NTH,403217,05,1.58,0.5,4.1
ROSE RV @ MATONG NTH,403217,06,29.1,4,7.5
BUFFALO @ ABBEYARD,403222,07,328.77,2.2,6.3
BUFFALO @ ABBEYARD,403222,08,259.78,2.3,7.4
BUFFALO @ ABBEYARD,403222,09,303.63,1.7,8.8
BUFFALO @ ABBEYARD,403222,10,286.26,2.3,13.3
BUFFALO @ ABBEYARD,403222,11,294.59,3.6,15.8
BUFFALO @ ABBEYARD,403222,12,550.92,3,16.8
BUFFALO @ ABBEYARD,403222,01,85.65,3.1,21.3
BUFFALO @ ABBEYARD,403222,02,23.22,3.2,20.2
BUFFALO @ ABBEYARD,403222,03,29.32,8.5,15.7
BUFFALO @ ABBEYARD,403222,04,19.85,1.6,14.8
BUFFALO @ ABBEYARD,403222,05,23.91,1.8,6
BUFFALO @ ABBEYARD,403222,06,170.87,4.9,7.7
KING @ DOCKER ROAD,403223,07,421.26,5.9,7.1
KING @ DOCKER ROAD,403223,08,436.81,8.7,9.7
KING @ DOCKER ROAD,403223,09,427.99,6.3,12
KING @ DOCKER ROAD,403223,10,410.81,8.6,13.8
KING @ DOCKER ROAD,403223,11,433.19,8.8,19.7
KING @ DOCKER ROAD,403223,12,1311.01,15.7,20.5
KING @ DOCKER ROAD,403223,01,120.91,9.4,24.4
KING @ DOCKER ROAD,403223,02,72.21,10,24.5
KING @ DOCKER ROAD,403223,03,88.04,16.8,23.4
KING @ DOCKER ROAD,403223,04,81.54,10.1,16.6
KING @ DOCKER ROAD,403223,05,76.74,9.2,14.1
KING @ DOCKER ROAD,403223,06,100.02,3,7.4
WILLIAM HOVELL,403228,07,246.59,2.6,7
WILLIAM HOVELL,403228,08,238.26,1.2,7.1
WILLIAM HOVELL,403228,09,293.75,1.3,10.4
WILLIAM HOVELL,403228,10,312.48,0.9,10.5
WILLIAM HOVELL,403228,11,361.33,1.1,14.3
WILLIAM HOVELL,403228,12,766.85,3.9,17.4
WILLIAM HOVELL,403228,01,119.77,1.2,15.5
WILLIAM HOVELL,403228,02,101.99,1.8,18.9
WILLIAM HOVELL,403228,03,106.53,2,22.3
WILLIAM HOVELL,403228,04,102.55,2,19
WILLIAM HOVELL,403228,05,81.96,2.4,14
WILLIAM HOVELL,403228,06,58.35,3.6,9.5
OVENS @ ROCKY POINT,403230,07,1522.05,3,8.4
OVENS @ ROCKY POINT,403230,08,1505.85,92,11.5
OVENS @ ROCKY POINT,403230,09,1636.4,2.5,13
OVENS @ ROCKY POINT,403230,10,1702.14,3.5,14.1
OVENS @ ROCKY POINT,403230,11,1589.31,9.8,18.6
OVENS @ ROCKY POINT,403230,12,3170.29,3.3,21.9
OVENS @ ROCKY POINT,403230,01,568.02,1.8,24.2
OVENS @ ROCKY POINT,403230,02,246.04,2.3,22.1
OVENS @ ROCKY POINT,403230,03,319.6,1.4,20.4
OVENS @ ROCKY POINT,403230,04,350.51,2.4,17.9
OVENS @ ROCKY POINT,403230,05,240.09,3.1,11.5
OVENS @ ROCKY POINT,403230,06,830.35,1.8,8.6
BUCKLAND @ HARRIS,403233,07,366.17,1.3,8.1
BUCKLAND @ HARRIS,403233,08,334.95,1.1,7.2
BUCKLAND @ HARRIS,403233,09,347.03,1.1,8.3
BUCKLAND @ HARRIS,403233,10,357.08,1.7,11.4
BUCKLAND @ HARRIS,403233,11,335.5,2.7,17.6
BUCKLAND @ HARRIS,403233,12,656.71,1.9,15.6
BUCKLAND @ HARRIS,403233,01,114.22,1.2,19.1
BUCKLAND @ HARRIS,403233,02,44.06,1.1,16.1
BUCKLAND @ HARRIS,403233,03,56.16,0.9,18.4
BUCKLAND @ HARRIS,403233,04,35.52,0.8,15.6
BUCKLAND @ HARRIS,403233,05,35.91,35,12.3
BUCKLAND @ HARRIS,403233,06,239.69,0.8,8.5
OVENS @ PEECHELBA,403241,07,1794.1,13.8,8.1
OVENS @ PEECHELBA,403241,08,2088.73,13.2,8
OVENS @ PEECHELBA,403241,09,2368.22,22.1,13
OVENS @ PEECHELBA,403241,10,2141.52,16,16
OVENS @ PEECHELBA,403241,11,1580.85,14.6,21.9
OVENS @ PEECHELBA,403241,12,4953.96,52.6,23.1
OVENS @ PEECHELBA,403241,01,676.63,19.7,26.2
OVENS @ PEECHELBA,403241,02,243.96,16.1,27.3
OVENS @ PEECHELBA,403241,03,280.28,14.2,26.3
OVENS @ PEECHELBA,403241,04,330.37,16.9,20.4
OVENS @ PEECHELBA,403241,05,223.21,9.2,14
OVENS @ PEECHELBA,403241,06,760.35,9.8,10
OVENS @ HARRIETVILLE,403244,07,130.05,1.2,5.4
OVENS @ HARRIETVILLE,403244,08,159.26,1,5.9
OVENS @ HARRIETVILLE,403244,09,187.87,1.4,6.8
OVENS @ HARRIETVILLE,403244,10,167.4,1.5,10.2
OVENS @ HARRIETVILLE,403244,11,147.58,1.1,11.2
OVENS @ HARRIETVILLE,403244,12,286.34,2.4,12.2
OVENS @ HARRIETVILLE,403244,01,78.5,1.6,15.8
OVENS @ HARRIETVILLE,403244,02,38.14,1.2,16.7
OVENS @ HARRIETVILLE,403244,03,34.81,1.8,17
OVENS @ HARRIETVILLE,403244,04,27.62,1.2,10.6
OVENS @ HARRIETVILLE,403244,05,28.01,0.9,9.2
OVENS @ HARRIETVILLE,403244,06,82.91,2.5,6.8
OVENS R @ EUROBIN,403250,07,0,3,8.8
OVENS R @ EUROBIN,403250,08,0,6.8,9.5
OVENS R @ EUROBIN,403250,09,0,1.3,10.4
OVENS R @ EUROBIN,403250,10,0,2.4,13.1
OVENS R @ EUROBIN,403250,11,0,16.2,14.8
OVENS R @ EUROBIN,403250,12,0,1.8,18.2
OVENS R @ EUROBIN,403250,01,0,1.5,22.8
OVENS R @ EUROBIN,403250,02,0,1.3,18.8
OVENS R @ EUROBIN,403250,03,0,1.5,18.5
OVENS R @ EUROBIN,403250,04,0,1,14.8
OVENS R @ EUROBIN,403250,05,0,1.8,10.2
OVENS R @ EUROBIN,403250,06,0,1.2,7.3
BUFFALO R D/S ROSE R,403254,07,502.49,2.8,6.6
BUFFALO R D/S ROSE R,403254,08,428.74,1.3,8.7
BUFFALO R D/S ROSE R,403254,09,462.56,1.6,10.7
BUFFALO R D/S ROSE R,403254,10,420.93,2.1,16.7
BUFFALO R D/S ROSE R,403254,11,491.28,2.6,19.1
BUFFALO R D/S ROSE R,403254,12,1055.17,1.8,20.2
BUFFALO R D/S ROSE R,403254,01,146.49,2.2,24.1
BUFFALO R D/S ROSE R,403254,02,40.56,2,23.6
BUFFALO R D/S ROSE R,403254,03,54.85,3.8,18.3
BUFFALO R D/S ROSE R,403254,04,42.24,1.7,16.1
BUFFALO R D/S ROSE R,403254,05,42.15,0.8,6.6
BUFFALO R D/S ROSE R,403254,06,256.97,4.3,7.5
HOLLAND @ KELFEERA,404207,07,85.94,12.3,8.8
HOLLAND @ KELFEERA,404207,08,61.95,13.8,12.2
HOLLAND @ KELFEERA,404207,09,52.19,19.3,15.2
HOLLAND @ KELFEERA,404207,10,57.94,16.4,16.3
HOLLAND @ KELFEERA,404207,11,46.14,42.3,21.3
HOLLAND @ KELFEERA,404207,12,147.86,18.6,21.4
HOLLAND @ KELFEERA,404207,01,7.82,13.4,22.8
HOLLAND @ KELFEERA,404207,02,2.89,14.4,18.9
HOLLAND @ KELFEERA,404207,03,1.55,16.8,22.6
HOLLAND @ KELFEERA,404207,04,2.2,12,17.5
HOLLAND @ KELFEERA,404207,05,3.16,7.9,7.8
HOLLAND @ KELFEERA,404207,06,12.68,13.8,8.6
RICES WEIR SCADA,404210,07,0,50.2,8.1
RICES WEIR SCADA,404210,08,0,50.7,8.5
RICES WEIR SCADA,404210,09,0,87.7,13.4
RICES WEIR SCADA,404210,10,0,158,17.3
RICES WEIR SCADA,404210,11,0,228,21.2
RICES WEIR SCADA,404210,12,0,116,24.2
RICES WEIR SCADA,404210,01,0,181,25.3
RICES WEIR SCADA,404210,02,0,135,26.2
RICES WEIR SCADA,404210,03,0,89.4,22
RICES WEIR SCADA,404210,04,0,54.2,16.3
RICES WEIR SCADA,404210,05,0,48.9,14.6
RICES WEIR SCADA,404210,06,0,41.1,10
BROKEN @ KATAMATITE,404214,07,8.03,4.4,6.5
BROKEN @ KATAMATITE,404214,08,3.7,11.6,7.1
BROKEN @ KATAMATITE,404214,09,3.79,14.9,10.2
BROKEN @ KATAMATITE,404214,10,2.04,18.1,13.7
BROKEN @ KATAMATITE,404214,11,2.81,15.8,19.4
BROKEN @ KATAMATITE,404214,12,5.64,11,22.7
BROKEN @ KATAMATITE,404214,01,0.52,7.2,21.1
BROKEN @ KATAMATITE,404214,02,0.19,7.3,22.8
BROKEN @ KATAMATITE,404214,03,1.1,14.6,20.3
BROKEN @ KATAMATITE,404214,04,3.86,15.7,17.9
BROKEN @ KATAMATITE,404214,05,4.26,12.3,15
BROKEN @ KATAMATITE,404214,06,5.76,11.3,8.2
BROKEN @ CASEY WEIR,404216,07,145.8,20,8.2
BROKEN @ CASEY WEIR,404216,08,116.08,25.7,10.6
BROKEN @ CASEY WEIR,404216,09,76.51,19.7,14.9
BROKEN @ CASEY WEIR,404216,10,73.72,41.3,18.4
BROKEN @ CASEY WEIR,404216,11,63.85,17.3,23
BROKEN @ CASEY WEIR,404216,12,239.9,23.3,26.4
BROKEN @ CASEY WEIR,404216,01,31.56,11.4,25.1
BROKEN @ CASEY WEIR,404216,02,37.5,13.1,20.4
BROKEN @ CASEY WEIR,404216,03,30.8,9.6,21.9
BROKEN @ CASEY WEIR,404216,04,51.99,10.4,16.9
BROKEN @ CASEY WEIR,404216,05,12.39,6.4,10.7
BROKEN @ CASEY WEIR,404216,06,20.72,8.2,8
BROKEN @ GOWANGARDIE,404224,07,182.06,26.1,8.4
BROKEN @ GOWANGARDIE,404224,08,152.23,31.7,10.3
BROKEN @ GOWANGARDIE,404224,09,104.21,30.9,12
BROKEN @ GOWANGARDIE,404224,10,102.31,29.9,18.8
BROKEN @ GOWANGARDIE,404224,11,79.3,27.9,21.4
BROKEN @ GOWANGARDIE,404224,12,326.69,60.6,22.9
BROKEN @ GOWANGARDIE,404224,01,42.36,18.1,25.6
BROKEN @ GOWANGARDIE,404224,02,48.55,14.2,20.5
BROKEN @ GOWANGARDIE,404224,03,53.94,0.2,25.7
BROKEN @ GOWANGARDIE,404224,04,79.58,9.7,16.6
BROKEN @ GOWANGARDIE,404224,05,39.63,11.1,12.3
BROKEN @ GOWANGARDIE,404224,06,52.79,11.2,9
BROKEN R D/S BACK C,404243,07,25.38,20.4,8.3
BROKEN R D/S BACK C,404243,08,27.81,23.7,10
BROKEN R D/S BACK C,404243,09,23.64,19.5,10.1
BROKEN R D/S BACK C,404243,10,33.06,21.5,13.9
BROKEN R D/S BACK C,404243,11,50.31,18.1,19.8
BROKEN R D/S BACK C,404243,12,41.69,13.4,20.3
BROKEN R D/S BACK C,404243,01,98.85,12.3,22
BROKEN R D/S BACK C,404243,02,113.93,8.1,20.4
BROKEN R D/S BACK C,404243,03,95.05,6.1,19.3
BROKEN R D/S BACK C,404243,04,120.62,5,17.9
BROKEN R D/S BACK C,404243,05,60.46,4.9,13.6
BROKEN R D/S BACK C,404243,06,26.47,4.9,8.8
GOULBURN @ MURCHISON,405200,07,4259.62,7.1,9.8
GOULBURN @ MURCHISON,405200,08,2094.44,10.6,12.5
GOULBURN @ MURCHISON,405200,09,0,13.4,14.7
GOULBURN @ MURCHISON,405200,10,3514.28,8.3,18.4
GOULBURN @ MURCHISON,405200,11,1118.02,9.2,20.4
GOULBURN @ MURCHISON,405200,12,1028.77,14.1,24
GOULBURN @ MURCHISON,405200,01,1456.53,7,23.1
GOULBURN @ MURCHISON,405200,02,1203.1,9.5,20.8
GOULBURN @ MURCHISON,405200,03,3088.04,6.7,19
GOULBURN @ MURCHISON,405200,04,1178.35,6.2,23.4
GOULBURN @ MURCHISON,405200,05,1390.76,85,11.1
GOULBURN @ MURCHISON,405200,06,941.64,4,9.2
GOULBURN @ TRAWOOL,405201,07,5785.68,10.2,10.4
GOULBURN @ TRAWOOL,405201,08,4127,11.8,8.4
GOULBURN @ TRAWOOL,405201,09,5730.46,10.3,10.8
GOULBURN @ TRAWOOL,405201,10,5309.27,8.8,12.3
GOULBURN @ TRAWOOL,405201,11,3981.79,8,17.1
GOULBURN @ TRAWOOL,405201,12,4125.28,18,20.7
GOULBURN @ TRAWOOL,405201,01,5427.81,7.1,14.9
GOULBURN @ TRAWOOL,405201,02,5833.22,6.7,18.3
GOULBURN @ TRAWOOL,405201,03,7933.14,13.6,14.9
GOULBURN @ TRAWOOL,405201,04,5561.2,4.3,13.9
GOULBURN @ TRAWOOL,405201,05,2628.88,4.3,13.3
GOULBURN @ TRAWOOL,405201,06,2349.62,5,10.5
GOULBURN @ EILDON,405203,07,3104.71,3.4,10.8
GOULBURN @ EILDON,405203,08,2309.33,1.6,10
GOULBURN @ EILDON,405203,09,4571.19,6.4,12.2
GOULBURN @ EILDON,405203,10,3381.1,1.7,10.7
GOULBURN @ EILDON,405203,11,2964.54,5,12.3
GOULBURN @ EILDON,405203,12,3381.74,1.5,13.5
GOULBURN @ EILDON,405203,01,4865.53,0.7,12.1
GOULBURN @ EILDON,405203,02,5617.91,1.9,12.1
GOULBURN @ EILDON,405203,03,7552.06,1,12
GOULBURN @ EILDON,405203,04,5176.57,2.4,12.2
GOULBURN @ EILDON,405203,05,2286.27,1.7,15.9
GOULBURN @ EILDON,405203,06,1866.82,1.9,11.8
GOULBURN SHEPPARTON,405204,07,4683.26,18.8,9.8
GOULBURN SHEPPARTON,405204,08,2180.76,23,12.1
GOULBURN SHEPPARTON,405204,09,3282.87,21.2,13.9
GOULBURN SHEPPARTON,405204,10,3927.66,29,20.4
GOULBURN SHEPPARTON,405204,11,1177.43,19.3,21.8
GOULBURN SHEPPARTON,405204,12,1399.41,32.8,27.4
GOULBURN SHEPPARTON,405204,01,1416.4,15.5,25.9
GOULBURN SHEPPARTON,405204,02,1179.26,13,22.7
GOULBURN SHEPPARTON,405204,03,2975.2,1.7,20.7
GOULBURN SHEPPARTON,405204,04,1248.52,9.3,18.8
GOULBURN SHEPPARTON,405204,05,1431.18,6.6,11.5
GOULBURN SHEPPARTON,405204,06,957.03,6.7,8.7
MURRINDINDI COLWELLS,405205,07,0,64.1,7.2
MURRINDINDI COLWELLS,405205,08,148.43,5.7,6
MURRINDINDI COLWELLS,405205,09,129.36,7.5,8.4
MURRINDINDI COLWELLS,405205,10,138.63,7,8.9
MURRINDINDI COLWELLS,405205,11,98.62,5.9,12.8
MURRINDINDI COLWELLS,405205,12,79.45,8.1,12.8
MURRINDINDI COLWELLS,405205,01,48.79,5.5,16.9
MURRINDINDI COLWELLS,405205,02,39.84,4,16.6
MURRINDINDI COLWELLS,405205,03,42.01,4.2,16.9
MURRINDINDI COLWELLS,405205,04,36.61,5.3,9.9
MURRINDINDI COLWELLS,405205,05,36.68,4.4,9.8
MURRINDINDI COLWELLS,405205,06,69.82,9.9,6.6
ACHERON @ TAGGERTY,405209,07,832.03,3.3,4.3
ACHERON @ TAGGERTY,405209,08,585.3,5,7.4
ACHERON @ TAGGERTY,405209,09,546.51,8.3,10.7
ACHERON @ TAGGERTY,405209,10,563.13,5.2,10.1
ACHERON @ TAGGERTY,405209,11,379.67,10,17.2
ACHERON @ TAGGERTY,405209,12,324.5,7.1,19.1
ACHERON @ TAGGERTY,405209,01,138.45,4.8,17
ACHERON @ TAGGERTY,405209,02,99.44,5.5,18.5
ACHERON @ TAGGERTY,405209,03,112.24,5.4,20.1
ACHERON @ TAGGERTY,405209,04,101.33,5.8,14
ACHERON @ TAGGERTY,405209,05,98.74,4.2,12.2
ACHERON @ TAGGERTY,405209,06,192.83,2,6
SUNDAY @ TALLAROOK,405212,07,43.17,19.7,8
SUNDAY @ TALLAROOK,405212,08,26.19,37.3,7.7
SUNDAY @ TALLAROOK,405212,09,12.52,49.9,10.5
SUNDAY @ TALLAROOK,405212,10,18.12,17.8,12.2
SUNDAY @ TALLAROOK,405212,11,5.05,8,17.3
SUNDAY @ TALLAROOK,405212,12,10.51,116,20.9
SUNDAY @ TALLAROOK,405212,01,0,11.5,19
SUNDAY @ TALLAROOK,405212,02,0,15.4,21.3
DELATITE @ TONGA,405214,07,185.8,9.9,7.9
DELATITE @ TONGA,405214,08,147.83,3.1,9.5
DELATITE @ TONGA,405214,09,143.58,5.2,13.1
DELATITE @ TONGA,405214,10,144.37,8,17
DELATITE @ TONGA,405214,11,107.18,5.4,18.1
DELATITE @ TONGA,405214,12,176.16,5.1,17.4
DELATITE @ TONGA,405214,01,51.22,4.1,23.7
DELATITE @ TONGA,405214,02,25.01,3,22
DELATITE @ TONGA,405214,03,26.36,3.4,21
DELATITE @ TONGA,405214,04,21.33,2.2,14.3
DELATITE @ TONGA,405214,05,25.73,3,9.2
DELATITE @ TONGA,405214,06,49.04,15.3,7.6
GOULBURN @ DOHERTYS,405219,07,751.99,6.5,7.8
GOULBURN @ DOHERTYS,405219,08,595.82,1.4,7.4
GOULBURN @ DOHERTYS,405219,09,744.93,2,11.4
GOULBURN @ DOHERTYS,405219,10,610.09,3.4,13.8
GOULBURN @ DOHERTYS,405219,11,382.58,3.6,15.4
GOULBURN @ DOHERTYS,405219,12,602.64,2.7,14.8
GOULBURN @ DOHERTYS,405219,01,177.02,2.3,21.2
GOULBURN @ DOHERTYS,405219,02,101.78,2,19.6
GOULBURN @ DOHERTYS,405219,03,90.18,2.7,18.2
GOULBURN @ DOHERTYS,405219,04,74.03,1.1,11.9
GOULBURN @ DOHERTYS,405219,05,70.03,1.3,7.8
GOULBURN @ DOHERTYS,405219,06,182.83,46.4,7.2
GOULBURB R MCCOYS BR,405232,07,4926.11,29.8,8.9
GOULBURB R MCCOYS BR,405232,08,1933.89,29.1,9.1
GOULBURB R MCCOYS BR,405232,09,2996.69,19.4,13.3
GOULBURB R MCCOYS BR,405232,10,4263.91,16.8,16.2
GOULBURB R MCCOYS BR,405232,11,1076.45,37.9,22.3
GOULBURB R MCCOYS BR,405232,12,1355.7,33,24.9
GOULBURB R MCCOYS BR,405232,01,1324.1,40.6,25.6
GOULBURB R MCCOYS BR,405232,02,1050.35,33.5,26.9
GOULBURB R MCCOYS BR,405232,03,2689.3,23,23
GOULBURB R MCCOYS BR,405232,04,1254.54,20.6,17.7
GOULBURB R MCCOYS BR,405232,05,1396.5,19.1,16
GOULBURB R MCCOYS BR,405232,06,853.13,10.5,10.8
SEVEN C MCQUINN WEIR,405234,07,92.3,18.8,8.3
SEVEN C MCQUINN WEIR,405234,08,60.81,10.8,7.5
SEVEN C MCQUINN WEIR,405234,09,0,16.4,11.1
SEVEN C MCQUINN WEIR,405234,10,49.27,13,14.3
SEVEN C MCQUINN WEIR,405234,11,25.2,13,19
SEVEN C MCQUINN WEIR,405234,12,52.31,25.6,21.5
SEVEN C MCQUINN WEIR,405234,01,6.04,4.2,23.7
SEVEN C MCQUINN WEIR,405234,02,2.41,5.5,25
SEVEN C MCQUINN WEIR,405234,03,3.49,4.4,23.1
SEVEN C MCQUINN WEIR,405234,04,4.69,4.3,19.2
SEVEN C MCQUINN WEIR,405234,05,6.25,4.6,13.2
SEVEN C MCQUINN WEIR,405234,06,22.89,7.6,8
BIG @ FRENCHMAN,405264,07,677.65,9.4,8.6
BIG @ FRENCHMAN,405264,08,487.96,3.2,7.2
BIG @ FRENCHMAN,405264,09,462.49,3.5,10
BIG @ FRENCHMAN,405264,10,410.61,3.6,12.9
BIG @ FRENCHMAN,405264,11,258.57,3.4,14.2
BIG @ FRENCHMAN,405264,12,247.36,3.4,14.5
BIG @ FRENCHMAN,405264,01,107.31,1.8,19
BIG @ FRENCHMAN,405264,02,72.57,2.9,16.9
BIG @ FRENCHMAN,405264,03,73.81,2,15.4
BIG @ FRENCHMAN,405264,04,61.97,2,11.5
BIG @ FRENCHMAN,405264,05,58.64,3.2,8.3
BIG @ FRENCHMAN,405264,06,147.04,142,7
GOULBURN @ GARRY,405276,07,0,35.6,9.7
GOULBURN @ GARRY,405276,08,0,21.3,13.6
GOULBURN @ GARRY,405276,09,0,26.5,14.7
GOULBURN @ GARRY,405276,10,0,24.9,20.4
GOULBURN @ GARRY,405276,11,0,24.7,20.8
GOULBURN @ GARRY,405276,12,0,38.6,23.3
GOULBURN @ GARRY,405276,01,0,27.9,25
WARRIGAL C @ STEWART,405297,07,1.43,20.2,7.1
WARRIGAL C @ STEWART,405297,08,0.05,58.7,13.4
WARRIGAL C @ STEWART,405297,11,0.02,49.2,21.6
WARRIGAL C @ STEWART,405297,12,0.14,34.6,23.6
WARRIGAL C @ STEWART,405297,01,0.11,74.3,20.6
RODNEY MAIN @ WELLS,405720,07,2.13,97.2,9.2
RODNEY MAIN @ WELLS,405720,08,3.63,267,14.7
RODNEY MAIN @ WELLS,405720,09,3.66,230,17.5
RODNEY MAIN @ WELLS,405720,10,2.55,180,24
RODNEY MAIN @ WELLS,405720,11,1.86,159,21.5
RODNEY MAIN @ WELLS,405720,12,1.66,110,26.8
RODNEY MAIN @ WELLS,405720,01,2.38,134,20.3
RODNEY MAIN @ WELLS,405720,02,1.21,91.1,21.1
RODNEY MAIN @ WELLS,405720,03,0.91,74.1,23.3
RODNEY MAIN @ WELLS,405720,04,1.14,190,19.5
RODNEY MAIN @ WELLS,405720,05,4.71,161,10.2
RODNEY MAIN @ WELLS,405720,06,1.34,175,10.3
TOOLAMBA COM. DRAIN,405730,07,0.04,839,9.9
TOOLAMBA COM. DRAIN,405730,08,0.11,50,14.1
TOOLAMBA COM. DRAIN,405730,09,0.72,89.5,15.1
TOOLAMBA COM. DRAIN,405730,10,0.34,63.4,17.5
TOOLAMBA COM. DRAIN,405730,11,0.09,35.2,20
TOOLAMBA COM. DRAIN,405730,12,0.57,9.2,21.9
SHEPPARTON DR NO 12,405758,07,0,89.3,7.4
SHEPPARTON DR NO 12,405758,08,0.45,482,12.5
SHEPPARTON DR NO 12,405758,09,4.04,310,15.5
SHEPPARTON DR NO 12,405758,10,1.76,369,17.4
SHEPPARTON DR NO 12,405758,11,5.74,208,20.4
SHEPPARTON DR NO 12,405758,12,15.82,142,20.8
SHEPPARTON DR NO 12,405758,01,0.52,192,21.9
SHEPPARTON DR NO 12,405758,02,0.58,643,21
SHEPPARTON DR NO 12,405758,03,1.04,68.2,19.6
SHEPPARTON DR NO 12,405758,04,1.15,470,17.5
SHEPPARTON DR NO 12,405758,05,0.34,374,9.2
SHEPPARTON DR NO 12,405758,06,3.16,344,11
SHEPPARTON DR 11,405779,07,0.27,266,7.4
SHEPPARTON DR 11,405779,08,0.16,515,14.1
SHEPPARTON DR 11,405779,09,1.4,303,15.4
SHEPPARTON DR 11,405779,10,1.81,136,19.6
SHEPPARTON DR 11,405779,11,4.07,305,17.7
SHEPPARTON DR 11,405779,12,16.09,198,19.9
SHEPPARTON DR 11,405779,01,0,376,20
SHEPPARTON DR 11,405779,02,0,650,19
SHEPPARTON DR 11,405779,03,0,646,17.4
SHEPPARTON DR 11,405779,04,0,347,17.5
SHEPPARTON DR 11,405779,05,0,693,8.3
SHEPPARTON DR 11,405779,06,0.48,323,10
CAMPASPE - ROCHESTER,406202,07,167.96,31.9,8.8
CAMPASPE - ROCHESTER,406202,08,197.08,19.6,9.8
CAMPASPE - ROCHESTER,406202,09,601.94,43.6,12.5
CAMPASPE - ROCHESTER,406202,10,222.94,19.9,14.3
CAMPASPE - ROCHESTER,406202,11,210.26,20.7,20.1
CAMPASPE - ROCHESTER,406202,12,85.97,21,24.3
CAMPASPE - ROCHESTER,406202,01,77.02,12.1,23.6
CAMPASPE - ROCHESTER,406202,02,109.71,11.6,25.1
CAMPASPE - ROCHESTER,406202,03,121.01,7.6,22.1
CAMPASPE - ROCHESTER,406202,04,88.91,10.2,19.9
CAMPASPE - ROCHESTER,406202,05,93.42,9.5,15.4
CAMPASPE - ROCHESTER,406202,06,143.72,7.5,11.1
CAMPASPE @ EPPALOCK,406207,07,163.99,4.5,10.1
CAMPASPE @ EPPALOCK,406207,08,203.31,4.6,10.3
CAMPASPE @ EPPALOCK,406207,09,667.24,10.9,11.4
CAMPASPE @ EPPALOCK,406207,10,259.3,5.2,15.8
CAMPASPE @ EPPALOCK,406207,11,276.52,4,16.7
CAMPASPE @ EPPALOCK,406207,12,114.56,5.2,15.2
CAMPASPE @ EPPALOCK,406207,01,181.16,4.1,17.2
CAMPASPE @ EPPALOCK,406207,02,178.93,3.7,16.7
CAMPASPE @ EPPALOCK,406207,03,204.67,2.7,18.9
CAMPASPE @ EPPALOCK,406207,04,177.33,2.3,16.8
CAMPASPE @ EPPALOCK,406207,05,115.12,2.7,14.4
CAMPASPE @ EPPALOCK,406207,06,145.69,2.2,9.7
CAMPASPE @ ASHBOURNE,406208,07,9.43,24.9,8.4
CAMPASPE @ ASHBOURNE,406208,08,5.6,12,7.6
CAMPASPE @ ASHBOURNE,406208,09,3.83,4.1,9.5
CAMPASPE @ ASHBOURNE,406208,10,4.87,6.9,8.1
CAMPASPE @ ASHBOURNE,406208,11,0.88,11.6,12.9
CAMPASPE @ ASHBOURNE,406208,12,0,11.3,15
CAMPASPE @ ASHBOURNE,406208,01,0,24.2,19.9
CAMPASPE @ ASHBOURNE,406208,06,0,4.2,4.5
CAMPASPE @ REDESDALE,406213,07,58.01,3.1,8.3
CAMPASPE @ REDESDALE,406213,08,66.95,5.5,11.7
CAMPASPE @ REDESDALE,406213,09,33.46,6.9,11.7
CAMPASPE @ REDESDALE,406213,10,33.6,16.6,16.5
CAMPASPE @ REDESDALE,406213,11,5.44,4.5,20.4
CAMPASPE @ REDESDALE,406213,12,10.65,3.5,23.4
CAMPASPE @ REDESDALE,406213,01,0.01,5.6,27.7
CAMPASPE @ REDESDALE,406213,02,0,4.3,20.7
CAMPASPE @ REDESDALE,406213,03,0,3.8,21.6
CAMPASPE @ REDESDALE,406213,06,0.44,2.8,8.1
AXE @ LONGLEA,406214,07,4.12,16.8,7.4
AXE @ LONGLEA,406214,08,11.11,13.9,8.9
AXE @ LONGLEA,406214,09,1.4,17.8,13.2
AXE @ LONGLEA,406214,10,2.95,8,16.7
AXE @ LONGLEA,406214,11,1.2,5.3,22.2
AXE @ LONGLEA,406214,12,3.52,16.7,25
AXE @ LONGLEA,406214,01,0,12.9,23.5
AXE @ LONGLEA,406214,02,0,20.7,21.3
COLIBAN RV LYAL (WQ),406215,07,20.32,4.8,7.9
COLIBAN RV LYAL (WQ),406215,08,23.89,6.5,11.4
COLIBAN RV LYAL (WQ),406215,09,21.33,8.3,9.8
COLIBAN RV LYAL (WQ),406215,10,18.51,15,17.2
COLIBAN RV LYAL (WQ),406215,11,13.56,9.3,18.5
COLIBAN RV LYAL (WQ),406215,12,7.52,9.7,19.6
COLIBAN RV LYAL (WQ),406215,01,0.09,14.7,25.5
COLIBAN RV LYAL (WQ),406215,02,0,9,21.2
COLIBAN RV LYAL (WQ),406215,05,3.42,6.1,10
COLIBAN RV LYAL (WQ),406215,06,5.14,4.8,7.9
WILD DUCK CREEK,406235,07,7.53,3.3,7.9
WILD DUCK CREEK,406235,08,11.62,7.1,12.2
WILD DUCK CREEK,406235,09,5.13,7.9,10.1
WILD DUCK CREEK,406235,10,5.49,18.6,15.9
WILD DUCK CREEK,406235,11,0.41,3.1,17.6
WILD DUCK CREEK,406235,12,2.38,6.2,23.2
MULLERS @ MURRAY HWY,406263,07,0,156,8
MULLERS @ MURRAY HWY,406263,08,0,191,9.4
MULLERS @ MURRAY HWY,406263,09,0,211,14.9
MULLERS @ MURRAY HWY,406263,10,0,252,16.5
MULLERS @ MURRAY HWY,406263,11,0,137,18.5
MULLERS @ MURRAY HWY,406263,12,0.01,107,21.5
MULLERS @ MURRAY HWY,406263,01,0,60.6,22.3
MULLERS @ MURRAY HWY,406263,02,0,48.6,23.4
MULLERS @ MURRAY HWY,406263,03,0,29.5,24.7
MULLERS @ MURRAY HWY,406263,04,0,91,19.6
MULLERS @ MURRAY HWY,406263,05,0,49.4,17.4
MULLERS @ MURRAY HWY,406263,06,0,17,10.4
DEAKIN MAIN ECHUCA,406704,07,3.07,109,8.2
DEAKIN MAIN ECHUCA,406704,08,9.74,53.9,8
DEAKIN MAIN ECHUCA,406704,09,15.42,168,13.6
DEAKIN MAIN ECHUCA,406704,10,17,155,13.2
DEAKIN MAIN ECHUCA,406704,11,7.73,56.8,23.6
DEAKIN MAIN ECHUCA,406704,12,9.85,37.9,19.6
DEAKIN MAIN ECHUCA,406704,01,3.48,48.4,26.7
DEAKIN MAIN ECHUCA,406704,02,0.69,32.2,29.1
DEAKIN MAIN ECHUCA,406704,03,0.27,57.9,29.1
DEAKIN MAIN ECHUCA,406704,04,1.9,32.2,17.7
DEAKIN MAIN ECHUCA,406704,05,4.15,37.2,15.5
DEAKIN MAIN ECHUCA,406704,06,1.05,62.2,7.8
MOSQUITO @ CURR ROAD,406756,07,0.08,84,3.9
MOSQUITO @ CURR ROAD,406756,08,0.92,401,11.3
MOSQUITO @ CURR ROAD,406756,09,1.37,391,12.5
MOSQUITO @ CURR ROAD,406756,10,4.29,192,16.5
MOSQUITO @ CURR ROAD,406756,11,0.53,70,21.1
MOSQUITO @ CURR ROAD,406756,12,4.62,132,21.4
MOSQUITO @ CURR ROAD,406756,01,1.68,247,15.3
MOSQUITO @ CURR ROAD,406756,02,0.52,233,28
MOSQUITO @ CURR ROAD,406756,03,0.85,276,18.1
MOSQUITO @ CURR ROAD,406756,04,0.43,161,24.4
MOSQUITO @ CURR ROAD,406756,05,1.01,113,9.7
MOSQUITO @ CURR ROAD,406756,06,0.08,34,9
BAMAWM DR RICHARDSON,406758,07,0,46.4,8.2
BAMAWM DR RICHARDSON,406758,08,1.32,18.1,10.5
BAMAWM DR RICHARDSON,406758,09,9.33,118,14.7
BAMAWM DR RICHARDSON,406758,10,10.98,167,15.9
BAMAWM DR RICHARDSON,406758,11,0.77,53.8,21.6
BAMAWM DR RICHARDSON,406758,12,3.11,103,22
BAMAWM DR RICHARDSON,406758,01,0,32,23.2
BAMAWM DR RICHARDSON,406758,02,0,58.6,24.2
BAMAWM DR RICHARDSON,406758,03,0,36.3,27.3
BAMAWM DR RICHARDSON,406758,04,0,102,17.5
BAMAWM DR RICHARDSON,406758,05,0.72,37.6,15.9
BAMAWM DR RICHARDSON,406758,06,0.06,34.2,9.6
LODDON @ KERANG,407202,07,359.57,66.3,8.7
LODDON @ KERANG,407202,08,302.79,119,8.7
LODDON @ KERANG,407202,09,177.42,106,13.6
LODDON @ KERANG,407202,10,387.77,81.5,16.9
LODDON @ KERANG,407202,11,289.29,154,20
LODDON @ KERANG,407202,12,151.59,142,25
LODDON @ KERANG,407202,01,148.51,184,22.6
LODDON @ KERANG,407202,02,162.05,165,26
LODDON @ KERANG,407202,03,210.65,117,22.3
LODDON @ KERANG,407202,04,172.45,128,19.5
LODDON @ KERANG,407202,05,374.97,60,15.3
LODDON @ KERANG,407202,06,366.46,58.9,10.6
LODDON @ LAANECOORIE,407203,07,114.68,24.5,9.5
LODDON @ LAANECOORIE,407203,08,163.21,27.8,13.2
LODDON @ LAANECOORIE,407203,09,396.65,80.4,14.1
LODDON @ LAANECOORIE,407203,10,233.49,34,19.4
LODDON @ LAANECOORIE,407203,11,85.98,44.8,24
LODDON @ LAANECOORIE,407203,12,66.17,54.1,23.6
LODDON @ LAANECOORIE,407203,01,81.02,30,21.4
LODDON @ LAANECOORIE,407203,02,177.47,37.1,23
LODDON @ LAANECOORIE,407203,03,230.12,33.7,19.9
LODDON @ LAANECOORIE,407203,04,164.67,19.7,19.8
LODDON @ LAANECOORIE,407203,05,84.59,6.1,12
LODDON @ LAANECOORIE,407203,06,66.46,4.3,8.2
LODDON @ APPIN STH,407205,07,84.85,26.8,7.1
LODDON @ APPIN STH,407205,08,97.08,33.7,7.1
LODDON @ APPIN STH,407205,09,86.9,101,11.2
LODDON @ APPIN STH,407205,10,206.53,104,14.7
LODDON @ APPIN STH,407205,11,132.5,130,19.1
LODDON @ APPIN STH,407205,12,54.28,128,22.6
LODDON @ APPIN STH,407205,01,52.03,115,20.3
LODDON @ APPIN STH,407205,02,62.97,139,25
LODDON @ APPIN STH,407205,03,54.38,47.5,19.9
LODDON @ APPIN STH,407205,04,40.09,81.1,16.2
LODDON @ APPIN STH,407205,05,65.07,77.3,13.2
LODDON @ APPIN STH,407205,06,66.21,75.7,9.8
GUNBOWER @ KOONDROOK,407209,07,0,10.9,8.3
GUNBOWER @ KOONDROOK,407209,08,0,15.7,8.7
GUNBOWER @ KOONDROOK,407209,09,0,16.6,14
GUNBOWER @ KOONDROOK,407209,10,0,25.8,16.9
GUNBOWER @ KOONDROOK,407209,11,0,37.1,21.2
GUNBOWER @ KOONDROOK,407209,12,0,30.5,25.1
GUNBOWER @ KOONDROOK,407209,01,0,21.3,23.2
GUNBOWER @ KOONDROOK,407209,02,0,16.2,26.5
GUNBOWER @ KOONDROOK,407209,03,0,14.4,23.1
GUNBOWER @ KOONDROOK,407209,04,0,11.7,20.2
GUNBOWER @ KOONDROOK,407209,05,0,15.4,15.5
GUNBOWER @ KOONDROOK,407209,06,0,24.6,11
CRESWICK @ CLUNES,407214,07,3.8,9.1,6.1
CRESWICK @ CLUNES,407214,08,2.94,4.9,7.9
CRESWICK @ CLUNES,407214,09,2.98,7.4,10.6
CRESWICK @ CLUNES,407214,10,4.09,3.1,17.5
CRESWICK @ CLUNES,407214,11,0.31,4.4,16.2
CRESWICK @ CLUNES,407214,12,0.23,5.7,18
CRESWICK @ CLUNES,407214,01,0.15,3.9,22.6
CRESWICK @ CLUNES,407214,02,0.32,5.7,20.8
CRESWICK @ CLUNES,407214,03,0.47,5.7,18.3
CRESWICK @ CLUNES,407214,04,0.11,2.8,15.4
CRESWICK @ CLUNES,407214,05,0.29,8.3,14.7
CRESWICK @ CLUNES,407214,06,0.2,2,9.2
LODDON @ NEWSTEAD,407215,07,32.78,16,8.9
LODDON @ NEWSTEAD,407215,08,35.72,11.9,10.8
LODDON @ NEWSTEAD,407215,09,33.13,11.2,13.2
LODDON @ NEWSTEAD,407215,10,32.41,11.3,16.7
LODDON @ NEWSTEAD,407215,11,8.16,5.3,22
LODDON @ NEWSTEAD,407215,12,7.01,21.3,21
LODDON @ NEWSTEAD,407215,01,0.14,29.7,20.1
LODDON @ NEWSTEAD,407215,02,0.47,22.2,19.7
LODDON @ NEWSTEAD,407215,03,0,40.4,15.9
LODDON @ NEWSTEAD,407215,04,0.43,10.3,16.3
LODDON @ NEWSTEAD,407215,05,3.35,7.3,6.6
LODDON @ NEWSTEAD,407215,06,4.79,12.4,7.5
LODDON @ SERP. WEIR,407229,07,105.83,9.7,7.6
LODDON @ SERP. WEIR,407229,08,149.68,13.4,8.1
LODDON @ SERP. WEIR,407229,09,340.49,8.7,13.1
LODDON @ SERP. WEIR,407229,10,207.29,19.4,15
LODDON @ SERP. WEIR,407229,11,63.4,7,20
LODDON @ SERP. WEIR,407229,12,32.65,4,24.2
LODDON @ SERP. WEIR,407229,01,26.78,4.6,21.5
LODDON @ SERP. WEIR,407229,02,97.78,9,26
LODDON @ SERP. WEIR,407229,03,152.72,7.5,22.3
LODDON @ SERP. WEIR,407229,04,133.22,6.5,18.9
LODDON @ SERP. WEIR,407229,05,59.4,10.5,14.8
LODDON @ SERP. WEIR,407229,06,52.78,5.4,9.8
BARR @ CAPELS FLUME,407252,07,6.14,6.4,8
BARR @ CAPELS FLUME,407252,08,12.65,12.7,9.7
BARR @ CAPELS FLUME,407252,09,27.37,13.6,13.5
BARR @ CAPELS FLUME,407252,10,0,82.8,19.1
BARR @ CAPELS FLUME,407252,11,0,113,22.3
BARR @ CAPELS FLUME,407252,12,6.89,32,25.9
BARR @ CAPELS FLUME,407252,01,2.28,71.6,23.3
BARR @ CAPELS FLUME,407252,02,0,71.2,28
BARR @ CAPELS FLUME,407252,03,0,87.8,23
BARR @ CAPELS FLUME,407252,04,18.95,72.9,16.8
BARR @ CAPELS FLUME,407252,05,18.15,79.4,15.8
BARR @ CAPELS FLUME,407252,06,0,16.6,11.3
BENDIGO @ HUNTLY,407255,07,49.9,16.8,9.4
BENDIGO @ HUNTLY,407255,08,55.93,7.8,12
BENDIGO @ HUNTLY,407255,09,19.91,12.2,12.6
BENDIGO @ HUNTLY,407255,10,0,8,17.6
BENDIGO @ HUNTLY,407255,11,30.63,10.2,20.1
BENDIGO @ HUNTLY,407255,12,41.31,16.8,21
BENDIGO @ HUNTLY,407255,01,9.95,21.8,24.5
BENDIGO @ HUNTLY,407255,02,6,24.3,17.2
BENDIGO @ HUNTLY,407255,03,8.73,15,22.9
BENDIGO @ HUNTLY,407255,04,20.18,10.7,15
BENDIGO @ HUNTLY,407255,05,12.17,8.5,12.4
BENDIGO @ HUNTLY,407255,06,43.67,25.8,9.9
LOCKING.MD.@ MURPHY,407712,09,7.68,145,16.1
LOCKING.MD.@ MURPHY,407712,10,8.05,137,16.5
LOCKING.MD.@ MURPHY,407712,11,1.94,41.4,22.4
LOCKING.MD.@ MURPHY,407712,12,7.26,37.1,19.6
LOCKING.MD.@ MURPHY,407712,01,0.69,20.6,23.1
LOCKING.MD.@ MURPHY,407712,02,1.15,40.3,26.3
LOCKING.MD.@ MURPHY,407712,03,0.58,110,28
LOCKING.MD.@ MURPHY,407712,04,0.28,187,14.6
LOCKING.MD.@ MURPHY,407712,05,1.12,91.7,17.4
LOCKING.MD.@ MURPHY,407712,06,0.19,224,14
AVOCA R @ COONOOER,408200,07,4.91,15.7,8.7
AVOCA R @ COONOOER,408200,08,4.93,9.3,11.5
AVOCA R @ COONOOER,408200,09,4.89,5.4,13.2
AVOCA R @ COONOOER,408200,10,1.95,17,16.9
AVOCA R @ COONOOER,408200,11,0.22,8,16.9
AVOCA R @ COONOOER,408200,12,0.51,15.5,19.4
AVOCA R @ COONOOER,408200,01,0,115,21.3
AVOCA R @ COONOOER,408200,02,0,39.8,17.5
AVOCA R @ COONOOER,408200,03,0,37.3,17
AVOCA R @ COONOOER,408200,04,0,21.2,17.5
AVOCA R @ COONOOER,408200,05,0,21.8,9
AVOCA R @ COONOOER,408200,06,0,16.4,8.2
AVOCA @ AMPHITHEATRE,408202,07,1.07,8.5,6
AVOCA @ AMPHITHEATRE,408202,08,1,11.1,6.2
AVOCA @ AMPHITHEATRE,408202,09,0.73,8.1,10.8
AVOCA @ AMPHITHEATRE,408202,10,0.35,7.4,13.8
AVOCA @ AMPHITHEATRE,408202,11,0,3.8,16
AVOCA @ AMPHITHEATRE,408202,12,0,3.9,19.9
AVOCA @ AMPHITHEATRE,408202,01,0,4.2,21
AVOCA @ AMPHITHEATRE,408202,02,0,5.2,21.2
AVOCA @ AMPHITHEATRE,408202,03,0,15.8,21.2
AVOCA @ AMPHITHEATRE,408202,04,0,5.6,14
AVOCA @ AMPHITHEATRE,408202,05,0,15.1,10.1
AVOCA @ AMPHITHEATRE,408202,06,0,41.2,6.1
MURRAY @ SWAN HILL,409204,07,7895.19,27,10
MURRAY @ SWAN HILL,409204,08,4125.39,23.1,14.6
MURRAY @ SWAN HILL,409204,09,4236.01,37.1,16.5
MURRAY @ SWAN HILL,409204,10,12602.43,61.5,20.4
MURRAY @ SWAN HILL,409204,11,9238.05,55,23.6
MURRAY @ SWAN HILL,409204,12,9045.29,51.9,26.7
MURRAY @ SWAN HILL,409204,01,5675.68,65.4,28.1
MURRAY @ SWAN HILL,409204,02,5648.78,33.6,26.7
MURRAY @ SWAN HILL,409204,03,6151.2,29.4,26.4
MURRAY @ SWAN HILL,409204,04,5418.43,52.9,20.5
MURRAY @ SWAN HILL,409204,05,5545.99,21.1,16.9
MURRAY @ SWAN HILL,409204,06,4257.1,23.4,11.5
TORRUMBARRY,409207,07,7725.51,19.3,10.4
TORRUMBARRY,409207,08,4584.95,16.6,13.4
TORRUMBARRY,409207,09,5380.92,33.9,16
TORRUMBARRY,409207,10,12753.5,34.3,20.5
TORRUMBARRY,409207,11,9454.64,40.8,23.7
TORRUMBARRY,409207,12,8670.57,33,27.3
TORRUMBARRY,409207,01,5965.57,30.6,26.8
TORRUMBARRY,409207,02,6034.96,17.6,27.5
TORRUMBARRY,409207,03,6949.31,22.2,26
TORRUMBARRY,409207,04,5492.06,15.1,20.6
TORRUMBARRY,409207,05,5168.41,22.1,17.3
TORRUMBARRY,409207,06,3935.03,15.2,12
MULLAROO @ LOCK 7,414211,07,711.82,111,10.6
MULLAROO @ LOCK 7,414211,08,652.24,30.8,11.1
MULLAROO @ LOCK 7,414211,09,791.02,38.9,17.3
MULLAROO @ LOCK 7,414211,10,1204.29,70,19
MULLAROO @ LOCK 7,414211,11,1187.29,48.2,22.6
MULLAROO @ LOCK 7,414211,12,968.13,27.6,26.1
MULLAROO @ LOCK 7,414211,01,643.05,17.2,26.6
MULLAROO @ LOCK 7,414211,02,620.54,24.1,28.4
MULLAROO @ LOCK 7,414211,03,618.07,21.1,25.1
MULLAROO @ LOCK 7,414211,04,636.68,15.1,20.5
MULLAROO @ LOCK 7,414211,05,651.57,30,16.9
MULLAROO @ LOCK 7,414211,06,625.91,50.9,10.7
WIMMERA @ HORSHAM,415200,07,0,18.7,7.6
WIMMERA @ HORSHAM,415200,08,0,28,8.8
WIMMERA @ HORSHAM,415200,09,18.52,32.5,13.1
WIMMERA @ HORSHAM,415200,10,11.31,23.9,14.6
WIMMERA @ HORSHAM,415200,11,97.6,27.5,20.3
WIMMERA @ HORSHAM,415200,12,64.67,25.7,23.4
WIMMERA @ HORSHAM,415200,01,3.77,20.5,21.9
WIMMERA @ HORSHAM,415200,02,24.75,15.6,23.5
WIMMERA @ HORSHAM,415200,03,4.68,9.6,20.7
WIMMERA @ HORSHAM,415200,04,39.72,7.1,17.7
WIMMERA @ HORSHAM,415200,05,41.85,16.2,14.6
WIMMERA @ HORSHAM,415200,06,1.61,13.6,9.5
MT. WILLIAM CK,415203,07,0,5.8,7.9
MT. WILLIAM CK,415203,08,0,5,14.4
MT. WILLIAM CK,415203,09,0,6.9,14.8
MT. WILLIAM CK,415203,10,53.34,3.5,18.8
MT. WILLIAM CK,415203,11,57.04,2.6,22.4
MT. WILLIAM CK,415203,12,18.37,6,27.7
MT. WILLIAM CK,415203,01,0,10,21
MT. WILLIAM CK,415203,02,0,11.4,20.9
MT. WILLIAM CK,415203,03,0,14.2,18.3
MT. WILLIAM CK,415203,04,0,9.6,19.9
MT. WILLIAM CK,415203,05,0,8.7,11.1
MT. WILLIAM CK,415203,06,0,5,8
WIMMERA @ EVERSLEY,415207,07,7.43,8.5,7
WIMMERA @ EVERSLEY,415207,08,5.16,12.2,7.2
WIMMERA @ EVERSLEY,415207,09,4.31,10,11.3
WIMMERA @ EVERSLEY,415207,10,2.23,8,14.7
WIMMERA @ EVERSLEY,415207,11,0.22,7.1,14.9
WIMMERA @ EVERSLEY,415207,12,0.45,8.1,18.5
WIMMERA @ EVERSLEY,415207,01,0.06,6.8,20.4
WIMMERA @ EVERSLEY,415207,02,0,7.4,19.6
WIMMERA @ EVERSLEY,415207,03,0.04,7.8,20.8
WIMMERA @ EVERSLEY,415207,04,0.12,8.9,14
WIMMERA @ EVERSLEY,415207,05,0.18,6.5,9.8
WIMMERA @ EVERSLEY,415207,06,0.34,155,7.3
CONCONGELLA @STAWELL,415237,12,0.54,13,18.8
WIMMERA @ LOCHIEL,415246,07,37.54,12.7,9.1
WIMMERA @ LOCHIEL,415246,08,31.83,8.6,9.5
WIMMERA @ LOCHIEL,415246,09,28.95,12.9,13.4
WIMMERA @ LOCHIEL,415246,10,6.04,9.9,15.8
WIMMERA @ LOCHIEL,415246,11,49.83,11,19.7
WIMMERA @ LOCHIEL,415246,12,54.4,8.4,22.2
WIMMERA @ LOCHIEL,415246,01,5.1,9.7,24.5
WIMMERA @ LOCHIEL,415246,02,0.27,14.6,25
WIMMERA @ LOCHIEL,415246,03,0.01,8.9,23.4
WIMMERA @ LOCHIEL,415246,04,0,9.4,16
WIMMERA @ LOCHIEL,415246,05,33.64,7.7,12.3
WIMMERA @ LOCHIEL,415246,06,2.98,13.8,9.3
MACKENZIE @ MCKENZIE,415251,07,1.08,19.2,6.2
MACKENZIE @ MCKENZIE,415251,08,0.39,22.6,6.8
MACKENZIE @ MCKENZIE,415251,09,0.9,22.9,11.9
MACKENZIE @ MCKENZIE,415251,10,0.04,48.8,11.7
MACKENZIE @ MCKENZIE,415251,11,0.11,18.7,17.2
MACKENZIE @ MCKENZIE,415251,12,0.29,53.7,21.1
MACKENZIE @ MCKENZIE,415251,01,0,18.9,20
RICHARDSON @ DONALD,415257,07,0.52,10.1,5.1
RICHARDSON @ DONALD,415257,08,0.25,6.5,12.4
RICHARDSON @ DONALD,415257,09,0.16,5.6,13.7
RICHARDSON @ DONALD,415257,10,0,5.4,20.5
RICHARDSON @ DONALD,415257,11,0,39.5,20.8
RICHARDSON @ DONALD,415257,12,0,58.2,19